start station id,120,127,150,164,168,173,174,217,228,236,237,238,244,253,257,261,266,281,284,285,293,297,301,302,304,305,309,311,312,317,319,324,325,326,330,331,332,337,339,340,342,346,349,350,351,356,358,359,361,363,365,366,368,369,376,377,379,380,383,386,387,388,393,394,401,402,403,406,410,416,426,428,432,433,435,438,439,442,444,445,448,453,455,456,459,461,468,470,471,473,477,478,479,481,482,484,487,490,491,492,495,496,497,499,500,501,502,504,505,508,509,514,515,517,519,520,522,523,524,529,530,532,539,545,2003,2006,2009,2010,2023,3119,3132,3140,3141,3148,3151,3158,3160,3161,3163,3164,3165,3166,3168,3169,3170,3171,3172,3173,3175,3176,3177,3178,3223,3233,3235,3236,3238,3254,3255,3288,3290,3295,3300,3305,3307,3315,3320,3323,3354,3366,3372,3427,3429,3436,3443,3458,3463,3466,3472
120,0,0,0,0,0,0,0,0,0,0,0,0,0,0,0,0,0,0,0,0,0,0,0,0,0,0,0,0,0,0,0,2,0,0,1,0,0,0,0,0,0,0,0,0,0,0,0,0,0,0,1,0,0,0,0,0,0,0,0,0,0,0,0,0,0,0,0,1,0,0,0,0,0,0,0,0,0,0,0,0,0,0,0,0,0,0,0,0,0,0,0,0,0,0,0,0,0,0,0,0,0,0,0,0,0,0,0,0,0,0,0,0,0,0,0,0,0,0,0,0,0,1,0,0,0,0,0,0,0,1,0,0,0,0,0,0,0,0,0,0,0,0,0,0,0,0,0,0,0,0,0,0,0,0,0,0,0,0,0,0,0,0,1,0,0,0,0,0,0,0,0,0,1,0,0,0,0,0,0
127,0,9,0,0,0,1,0,0,0,1,0,0,0,1,3,0,0,1,4,1,1,0,1,0,0,0,0,0,0,0,0,0,0,1,0,0,0,1,0,0,0,6,1,0,1,0,1,1,0,3,0,0,5,1,0,3,0,0,0,1,0,0,1,0,3,1,0,0,1,0,7,0,0,0,2,0,2,5,0,0,0,1,0,0,0,0,1,0,0,0,2,0,0,0,0,1,0,4,0,0,1,1,0,0,0,0,0,1,0,0,3,0,0,0,1,0,0,2,0,2,0,0,0,1,0,0,0,0,0,0,0,0,0,0,0,1,0,0,0,0,0,0,0,0,0,0,0,0,1,0,0,0,1,0,2,0,0,0,6,0,0,0,0,0,0,0,0,0,0,0,0,1,0,2,1,0,1,0,0
150,0,0,5,1,1,0,0,0,0,1,1,0,0,3,0,0,0,0,0,1,1,0,3,1,0,0,0,0,1,1,0,0,0,1,0,0,0,0,0,1,0,0,1,1,1,0,1,0,0,0,0,0,1,0,1,0,0,0,0,0,0,0,1,1,0,1,4,0,0,0,0,4,5,3,2,0,1,0,0,3,0,0,1,0,0,1,0,0,0,1,0,0,0,0,1,0,0,0,0,0,1,0,0,0,0,0,0,1,0,0,0,0,0,0,1,0,0,1,0,0,0,1,0,1,0,0,0,0,0,0,0,1,0,0,0,0,0,0,0,0,0,0,0,0,0,0,0,0,0,0,0,0,0,0,0,0,0,0,1,0,0,0,0,0,0,0,0,0,0,0,0,1,0,0,1,0,1,0,0
164,0,1,0,1,0,1,0,0,1,0,1,0,0,0,0,0,0,0,0,0,0,0,0,1,0,0,0,0,0,0,0,0,0,0,0,0,0,0,0,0,0,0,0,0,0,0,0,0,0,0,0,0,0,0,0,0,1,0,0,0,0,0,0,0,0,1,0,0,0,0,0,0,0,1,1,0,0,0,0,0,0,0,0,0,0,0,0,0,0,0,4,0,1,0,0,0,3,0,0,1,2,0,1,0,0,2,0,0,0,0,0,0,0,1,1,0,2,1,2,2,0,0,0,1,1,0,0,0,0,0,1,2,1,1,0,0,0,0,2,0,0,0,0,0,0,0,0,0,0,0,0,0,1,2,1,2,0,0,0,0,0,0,0,0,0,0,0,0,0,0,0,1,0,0,0,2,0,1,1
168,0,0,1,0,3,0,0,0,0,4,2,0,0,3,0,0,0,0,4,4,0,0,0,1,0,0,0,1,2,1,0,0,0,1,0,0,0,0,0,0,0,0,2,0,0,0,0,1,1,0,0,0,3,1,0,0,6,2,2,1,0,1,0,1,1,2,0,0,0,0,1,0,0,4,0,0,2,3,1,4,3,1,0,0,2,0,0,2,0,0,1,0,2,0,2,0,0,3,1,2,0,2,1,0,2,0,0,1,7,0,4,1,1,3,3,0,0,1,1,0,0,1,0,0,1,0,0,2,0,0,0,0,0,0,0,0,0,0,0,0,0,2,0,0,0,1,0,0,0,0,0,0,1,0,0,0,0,0,4,0,0,0,0,0,0,0,0,0,0,0,0,1,0,0,1,1,0,0,0
173,0,0,0,2,2,2,0,0,2,1,0,0,0,0,0,0,0,2,0,0,1,0,0,0,3,2,0,0,0,0,0,0,0,0,0,0,0,0,0,0,0,0,0,0,0,0,0,5,0,0,0,0,0,0,1,0,0,0,0,0,0,1,0,0,1,2,0,0,0,0,1,0,0,0,0,1,0,0,0,0,3,1,1,1,1,5,5,1,0,0,6,1,3,0,0,0,0,3,0,1,1,0,0,0,3,1,0,0,1,5,1,0,2,2,1,3,2,2,1,2,1,0,0,0,0,3,0,0,2,0,1,0,0,0,0,0,0,0,5,0,0,0,0,0,0,0,0,0,0,0,1,1,0,4,0,3,0,0,0,0,0,0,0,0,0,0,0,0,0,0,0,0,0,1,2,2,0,0,0
174,0,0,0,0,0,0,0,0,1,2,1,0,0,1,1,0,0,0,0,1,1,2,0,0,1,3,0,0,0,0,0,0,1,2,0,0,1,0,0,0,0,0,0,1,0,0,0,0,0,0,0,0,0,0,0,0,2,0,0,0,0,0,0,0,0,4,0,0,0,0,0,0,0,0,3,0,0,1,1,0,0,0,3,0,0,1,0,3,0,0,0,0,0,0,0,0,0,2,3,0,0,0,3,0,0,1,0,3,1,1,0,0,0,1,1,0,0,0,0,0,0,0,0,0,1,0,0,0,1,0,0,0,1,1,0,0,0,0,0,1,0,0,0,0,0,0,0,0,0,0,0,0,0,1,0,0,0,0,3,0,0,0,0,0,0,0,0,0,0,0,0,0,0,0,0,0,1,0,0
217,0,0,0,0,0,0,0,10,0,0,0,0,0,0,0,0,0,0,0,0,1,0,0,0,0,0,0,0,0,0,0,0,0,0,0,0,0,0,0,0,0,0,0,0,0,0,0,0,0,0,0,0,0,0,0,0,1,0,0,0,9,0,0,0,0,0,0,1,0,0,0,0,0,0,0,0,0,0,0,0,0,0,0,0,0,0,0,0,0,3,0,0,0,0,0,0,0,0,0,0,0,0,0,0,0,0,0,0,0,0,0,1,0,0,0,0,0,0,0,0,0,0,0,0,0,0,0,0,0,0,0,0,0,0,0,0,0,0,0,0,0,0,0,0,0,0,0,0,0,0,0,0,0,0,0,0,0,0,0,0,0,0,0,0,0,0,0,0,0,0,0,0,0,0,0,0,0,0,0
228,0,1,0,0,0,0,0,0,1,0,0,0,0,1,0,0,0,1,1,0,0,0,0,0,0,1,0,0,1,0,0,0,0,0,0,0,0,0,0,0,0,0,0,0,0,0,0,0,0,0,0,0,0,0,0,0,0,0,0,0,0,0,0,0,0,0,0,0,2,0,0,0,1,0,0,0,0,0,0,0,0,0,0,0,0,1,0,0,0,0,1,1,1,0,1,0,0,0,0,0,1,0,1,0,0,3,0,0,0,0,0,1,0,2,0,1,0,0,0,0,0,0,0,0,0,0,0,0,0,0,0,3,0,1,0,1,0,1,0,0,0,0,0,0,0,0,1,0,0,0,0,0,0,1,0,0,0,0,0,0,0,0,0,0,0,0,0,0,0,0,0,0,0,0,0,1,0,0,0
236,0,0,1,0,0,0,0,0,0,5,0,1,1,0,1,0,0,0,1,2,1,4,1,2,0,0,0,0,3,1,0,0,0,1,0,1,0,1,0,0,1,0,2,0,0,0,0,0,0,0,0,0,0,0,0,1,0,2,2,0,0,0,0,2,1,1,3,0,3,0,0,0,2,1,1,1,0,2,1,1,0,0,0,0,0,1,0,0,0,3,0,0,0,0,0,0,1,2,1,0,0,1,5,0,0,0,0,3,0,0,0,4,0,1,0,0,0,1,0,1,0,2,0,0,1,0,0,0,0,0,0,0,1,0,0,0,0,0,0,0,0,0,0,0,0,0,0,1,0,0,0,0,0,0,0,0,0,0,0,0,0,0,0,0,0,0,0,0,0,0,0,1,1,0,0,0,3,0,2
237,0,2,1,0,2,0,0,0,0,1,0,1,0,1,0,0,1,0,2,3,3,4,1,0,0,0,0,2,1,1,0,1,2,0,1,1,0,0,1,0,0,0,1,0,2,0,0,0,0,0,0,0,3,0,0,0,2,2,1,0,1,0,0,1,0,5,1,0,1,0,2,0,1,0,1,0,1,0,1,2,0,0,0,0,0,0,0,0,0,1,1,0,0,0,1,0,0,0,0,0,0,1,5,0,0,1,1,1,1,0,1,0,0,1,1,0,0,0,1,0,0,0,0,0,0,0,0,2,0,0,0,0,0,0,0,0,0,0,1,0,0,0,0,0,0,0,0,0,0,0,0,0,0,0,0,0,0,0,1,0,0,0,0,0,0,0,0,0,0,0,0,3,0,0,1,0,2,0,0
238,0,2,0,0,2,0,0,0,0,0,0,1,0,1,0,0,0,0,3,1,0,0,0,0,1,0,1,2,0,0,0,0,0,0,0,0,0,0,0,0,0,0,0,0,0,0,2,0,0,1,0,0,5,0,1,0,1,3,1,0,0,0,0,0,0,3,0,0,0,0,9,0,0,0,0,0,0,0,1,0,0,0,0,0,2,0,1,1,0,0,0,1,0,0,1,1,0,0,0,0,0,1,0,0,0,0,0,0,0,0,0,3,0,1,1,1,0,1,0,0,0,0,0,0,0,0,0,0,0,0,0,0,0,0,0,0,0,0,0,0,0,0,0,0,0,0,0,3,0,0,0,0,0,0,0,0,0,0,1,0,0,0,0,0,0,0,0,0,0,0,0,2,0,0,0,0,1,0,1
244,0,0,0,0,0,0,0,1,0,0,0,0,2,1,0,0,0,0,0,0,0,0,0,0,0,0,0,0,0,0,0,13,0,0,0,0,0,0,0,0,0,0,0,0,0,0,0,0,0,0,3,0,0,0,0,0,0,0,0,0,0,0,0,0,0,0,0,0,0,1,0,0,0,0,0,0,0,0,0,0,0,0,0,0,0,0,0,0,0,0,0,0,0,0,0,0,0,0,0,0,0,0,0,0,0,0,0,0,0,0,0,0,0,0,0,0,0,0,0,0,0,0,0,0,0,0,0,0,0,0,0,0,0,0,0,0,0,0,0,0,0,0,0,0,0,0,0,0,0,0,0,0,0,0,0,0,0,0,0,0,0,0,0,0,0,0,0,0,0,0,0,0,1,0,0,0,0,0,0
253,0,1,0,0,1,0,2,0,0,0,1,1,0,1,0,0,0,0,4,0,4,1,1,0,0,0,0,0,4,0,1,0,0,2,0,0,0,0,1,0,0,2,1,0,0,0,0,0,0,0,0,0,2,1,0,0,0,2,0,1,0,0,0,0,0,0,1,0,0,0,0,1,1,1,1,0,1,0,1,0,0,0,0,0,0,0,0,1,0,1,1,0,0,0,1,0,0,0,1,0,0,1,1,0,0,0,0,0,2,1,0,2,2,0,1,0,0,2,0,0,1,0,0,2,0,0,1,1,0,0,1,1,1,0,0,0,0,0,0,0,1,0,0,0,0,0,0,0,0,0,0,0,0,0,0,0,0,0,2,0,0,0,0,0,0,0,0,0,0,0,0,0,0,0,0,0,1,0,3
257,0,1,0,0,0,0,0,0,0,0,0,0,0,1,2,0,0,0,0,1,1,0,1,0,3,0,4,1,0,0,5,0,0,0,2,1,0,0,0,0,0,0,0,0,1,0,2,0,1,0,0,0,2,1,1,2,0,0,0,0,0,1,0,1,3,1,1,0,0,0,0,1,1,0,2,1,2,0,1,0,0,2,0,0,1,0,0,2,0,0,0,0,0,0,0,0,0,0,1,0,0,0,0,1,0,0,0,0,0,0,0,1,0,2,0,0,0,1,0,0,0,0,0,1,0,0,1,1,0,0,0,0,0,0,0,0,0,0,0,0,0,0,0,0,0,0,0,0,0,0,0,0,0,0,0,0,0,0,0,0,0,0,0,0,0,0,0,0,0,0,0,3,1,2,1,0,0,0,0
261,0,0,0,0,0,0,0,0,0,0,1,0,0,0,2,0,0,0,0,0,0,0,0,0,1,0,0,0,0,0,0,0,0,0,0,0,0,0,0,0,0,0,0,0,0,0,1,0,0,0,2,0,0,0,0,1,0,0,0,0,0,0,0,0,0,0,0,0,0,0,1,0,0,0,0,0,0,0,0,0,0,0,0,0,0,0,0,0,0,0,0,0,0,0,0,0,0,0,1,0,0,0,0,0,0,0,0,0,0,0,0,0,0,0,0,0,0,0,0,0,0,0,0,0,0,0,0,0,0,0,0,0,0,0,0,0,0,0,0,0,0,0,0,0,0,0,0,0,0,0,0,0,0,0,0,0,0,0,0,0,0,0,0,0,0,0,0,0,0,0,0,0,3,0,0,0,0,0,0
266,0,0,0,0,0,1,0,0,0,0,0,0,0,0,0,0,0,0,0,2,0,0,0,1,0,0,0,0,0,0,0,0,0,0,2,1,1,1,0,2,0,0,0,1,0,0,0,1,1,0,0,0,0,0,0,0,0,0,0,1,0,0,0,7,0,0,0,0,1,0,0,0,1,1,1,0,0,0,1,0,0,0,0,0,0,1,0,0,0,0,0,0,1,0,0,0,0,0,0,0,0,1,1,0,0,0,1,3,0,0,0,0,0,0,0,0,0,0,0,0,0,0,0,0,1,0,0,0,0,0,0,0,0,0,0,0,0,0,0,0,0,0,0,0,0,0,0,0,0,0,0,0,0,0,1,0,0,0,0,0,0,0,0,0,0,0,0,0,0,0,0,0,0,0,0,0,0,0,0
281,0,0,0,0,2,3,0,0,0,0,2,0,0,1,0,0,0,30,0,0,0,1,0,0,0,1,0,0,0,0,0,0,0,0,0,0,0,0,0,0,0,0,0,0,0,0,0,0,0,0,0,0,0,0,0,0,5,0,0,0,0,0,0,0,0,0,0,0,1,0,0,0,0,1,0,0,0,0,0,0,0,0,0,0,0,0,3,0,0,0,0,0,6,0,2,2,0,4,1,4,0,1,0,4,0,0,0,0,1,1,0,2,0,0,0,6,1,0,3,10,1,0,0,1,0,24,1,0,1,0,3,1,2,2,1,1,6,1,7,3,7,0,2,0,1,1,1,4,0,0,0,1,3,0,1,2,0,0,2,3,0,3,0,2,2,0,4,1,0,0,1,0,0,0,1,1,0,3,0
284,0,5,1,0,2,0,0,0,1,0,1,2,0,1,0,0,0,2,5,3,1,1,0,0,1,0,0,0,0,0,2,0,1,0,0,0,0,0,0,0,0,2,0,0,0,0,5,0,0,0,0,0,3,1,1,0,1,4,2,1,0,2,0,1,0,2,1,0,0,0,3,1,3,0,5,1,1,2,2,0,2,5,0,0,3,0,1,2,0,0,1,0,0,0,0,0,0,1,0,0,0,1,3,0,0,0,1,1,0,0,9,1,1,0,1,0,0,0,1,1,0,0,0,0,0,0,0,1,0,0,0,0,0,0,1,0,0,0,0,1,0,1,0,1,0,0,0,0,1,0,1,0,1,1,0,0,0,0,9,0,0,0,0,0,0,0,0,0,0,0,0,1,0,1,0,0,1,0,2
285,0,1,3,0,3,0,0,0,0,5,9,1,0,2,2,0,2,0,4,0,10,1,3,0,0,0,1,0,1,2,0,0,3,2,1,0,1,0,0,1,0,1,1,0,0,0,2,0,3,0,0,0,1,1,0,2,1,2,2,1,0,0,3,4,2,1,2,0,0,0,4,3,9,8,2,3,4,0,0,7,0,0,1,0,3,0,0,1,0,1,2,0,0,0,2,0,2,0,2,0,0,3,0,0,0,1,0,8,2,2,1,0,0,0,4,0,0,1,0,0,0,0,1,0,2,0,0,2,0,0,0,0,0,0,0,1,0,0,0,0,0,0,0,0,0,0,0,0,2,0,0,0,1,0,0,0,0,0,1,0,0,0,0,0,0,0,0,0,0,0,0,3,0,0,0,2,1,0,3
293,0,1,0,0,2,0,1,0,0,3,2,0,0,3,6,0,0,0,4,7,5,4,6,3,3,0,0,0,0,3,2,0,0,3,0,0,0,0,0,0,0,1,0,0,0,0,2,0,1,0,0,0,4,1,0,3,1,4,1,0,1,0,3,5,2,4,1,0,3,0,0,0,8,7,5,3,0,0,3,9,0,2,0,0,1,2,0,1,0,2,0,2,2,0,1,0,4,0,0,3,1,0,9,0,0,0,0,1,3,1,2,1,0,2,4,1,0,1,0,0,0,0,0,0,3,0,0,1,0,0,0,1,1,0,0,0,0,0,0,0,0,0,0,0,0,0,0,0,0,0,0,0,0,0,0,0,0,0,2,0,0,0,0,0,0,0,0,0,0,0,0,3,0,1,0,0,2,0,0
297,0,1,0,1,1,0,2,0,0,4,1,0,0,3,0,0,0,0,2,3,1,4,3,0,0,0,0,0,0,1,0,0,2,1,0,0,0,1,1,0,0,1,0,1,1,0,1,0,0,0,0,0,1,1,0,0,0,5,0,0,1,0,1,3,3,7,1,0,3,0,2,5,0,5,2,1,1,1,0,1,0,1,1,2,0,4,0,0,0,0,0,0,0,1,0,0,5,0,4,0,1,0,2,0,1,1,0,1,0,0,0,0,0,0,4,0,0,0,0,0,0,0,0,3,4,0,0,0,0,0,1,0,0,0,1,0,0,1,0,0,0,0,0,0,0,0,0,0,0,0,0,0,0,0,1,0,0,0,1,0,0,0,0,1,0,0,0,0,0,0,0,2,0,0,0,0,0,0,0
301,0,1,0,0,1,0,1,0,0,1,0,0,0,0,0,0,1,0,0,4,1,2,1,1,0,0,0,4,2,2,0,0,1,0,0,0,0,1,0,2,0,0,1,2,0,1,1,0,0,0,0,0,1,0,0,0,0,0,0,0,1,0,0,1,1,3,1,0,1,0,0,1,1,3,0,4,0,0,0,1,0,0,0,0,0,1,0,1,0,0,0,0,0,0,0,0,0,0,2,1,0,0,1,2,0,1,1,1,1,0,1,0,0,2,1,0,0,1,0,0,0,1,0,0,1,1,1,0,0,0,0,0,0,0,0,0,0,0,0,0,0,1,0,0,0,0,0,0,0,0,0,0,0,0,0,0,0,0,0,0,0,0,0,0,0,0,0,0,0,0,0,6,0,0,0,0,0,0,0
302,0,0,1,1,1,0,0,0,0,0,0,0,0,0,1,0,0,0,0,0,0,0,1,1,0,0,0,1,2,0,0,0,1,0,0,0,1,0,1,1,2,0,0,0,2,0,0,0,0,0,0,0,2,0,1,0,0,0,0,0,0,0,0,0,0,1,0,0,2,0,0,2,1,1,1,2,0,0,0,0,0,0,1,0,0,0,0,0,0,0,0,0,0,0,0,0,0,0,0,0,0,0,0,0,0,0,0,2,0,0,0,0,0,0,0,0,0,0,0,0,0,0,0,0,0,0,0,0,0,0,0,0,0,0,1,0,0,0,0,0,0,0,0,0,0,0,0,0,0,0,0,0,0,0,0,0,0,0,0,0,0,0,0,0,0,0,0,0,0,0,0,0,0,0,0,0,1,0,0
304,0,2,1,0,2,0,2,0,0,0,0,0,0,0,0,0,0,0,0,0,0,0,0,1,11,0,3,0,0,0,6,0,0,0,0,1,1,1,1,0,0,0,1,1,2,0,2,0,1,3,0,0,2,2,2,4,1,0,0,0,0,1,1,2,2,0,0,0,1,0,10,2,1,0,0,0,0,1,0,1,0,0,0,0,1,0,0,0,0,0,0,0,1,0,0,0,1,0,0,0,0,1,0,0,0,1,0,0,0,1,0,0,0,1,0,0,0,0,0,0,1,0,0,0,0,0,0,0,0,0,0,0,0,0,1,0,0,0,0,1,0,1,0,0,0,1,0,0,0,0,1,0,0,0,0,0,0,0,2,0,0,0,0,0,0,0,0,0,0,0,0,0,0,0,0,0,0,0,0
305,0,1,0,1,0,0,0,0,1,1,4,0,0,0,1,0,0,1,0,0,0,0,0,0,0,2,0,0,0,0,0,0,0,0,0,0,0,0,0,0,0,0,0,0,0,0,0,5,1,0,0,0,0,0,0,0,1,0,0,1,0,0,0,0,0,1,0,0,0,0,0,0,0,0,0,0,0,1,1,0,1,0,0,1,1,1,0,0,0,0,1,1,2,0,0,1,0,1,0,3,0,0,1,3,1,2,0,0,0,1,0,2,0,1,3,1,1,1,2,0,0,0,0,0,0,0,0,0,1,0,1,2,1,0,0,1,0,2,1,2,0,0,0,0,0,1,1,0,0,0,0,1,1,0,0,2,0,0,2,3,0,0,0,0,0,0,0,0,0,0,1,0,0,0,1,1,0,1,0
309,0,0,0,0,2,0,0,0,0,1,0,0,0,0,0,0,0,1,0,0,0,0,0,0,2,0,2,0,0,0,1,0,0,0,0,0,0,2,0,0,0,0,0,0,0,0,1,0,0,4,0,0,0,1,2,0,0,0,1,0,5,0,0,0,0,1,0,0,0,0,3,0,0,0,2,0,0,1,1,0,0,0,0,0,2,0,0,0,0,0,0,0,1,0,0,0,0,0,1,0,1,0,0,0,0,0,0,0,0,0,0,0,0,0,0,0,0,0,0,0,0,0,0,0,0,0,0,0,0,0,0,0,0,0,0,0,0,0,0,0,0,0,0,1,0,0,0,0,0,0,0,0,0,0,0,1,0,0,2,0,0,0,0,0,0,0,0,0,0,0,0,2,0,2,0,0,0,0,2
311,0,0,0,0,0,0,0,0,0,0,0,1,0,0,0,0,0,0,0,0,1,0,0,1,0,0,1,2,0,0,0,0,0,0,0,0,0,0,0,1,4,1,0,2,1,5,0,0,1,0,0,0,0,0,0,0,0,0,1,1,0,0,0,2,1,1,0,0,2,0,0,0,0,3,0,0,0,0,0,1,0,1,1,0,0,0,0,0,0,1,0,0,0,0,0,0,0,0,0,0,0,2,0,0,0,0,12,2,0,0,0,0,0,0,0,0,2,0,0,0,0,0,1,1,0,0,2,0,0,0,0,0,0,0,0,0,0,0,0,0,0,0,0,0,0,0,0,0,0,0,0,0,0,1,0,0,0,0,0,0,0,0,0,0,0,0,0,0,0,0,0,1,0,1,0,0,0,0,0
312,0,0,1,0,0,0,0,0,0,2,0,0,0,0,0,0,0,0,0,1,1,0,0,1,1,0,1,2,4,0,0,0,0,1,0,2,0,3,0,1,0,0,0,1,1,0,3,1,2,0,0,0,1,0,0,0,0,0,2,0,0,2,0,0,2,2,0,0,1,0,0,0,1,6,5,3,0,0,0,1,0,0,0,0,0,1,0,0,0,0,1,0,0,0,0,0,0,1,1,0,0,0,0,0,0,0,0,1,1,0,0,0,0,0,2,0,0,0,0,0,0,2,0,1,1,0,0,1,0,0,0,0,0,0,0,0,0,0,0,0,0,0,0,0,0,0,0,0,0,0,0,0,0,0,1,0,0,0,1,0,0,0,0,0,0,0,0,0,0,0,0,2,0,0,0,0,1,0,0
317,0,1,1,0,0,0,1,0,0,3,0,0,0,1,2,0,0,0,0,2,5,1,0,0,0,0,1,0,0,2,0,0,1,1,0,0,0,1,0,0,1,0,1,0,1,0,0,0,0,0,0,0,0,0,0,0,2,2,0,0,1,0,1,2,0,2,1,0,2,0,0,3,2,5,1,0,1,1,1,0,0,0,0,0,1,1,0,1,0,1,1,0,0,0,0,0,0,0,1,0,0,0,1,0,0,0,1,0,0,0,1,0,0,1,1,0,0,0,0,0,0,1,0,0,0,0,0,1,0,0,0,0,0,0,0,0,0,0,0,0,0,0,0,0,0,0,0,0,0,0,0,0,0,0,0,0,0,0,1,0,0,0,0,0,0,0,0,0,0,0,0,1,0,0,0,1,1,0,0
319,0,2,0,0,1,0,0,0,0,0,0,1,0,1,5,0,0,0,0,1,1,0,1,0,6,0,1,0,0,0,5,0,0,0,0,0,0,2,0,0,0,0,1,0,2,1,1,0,0,3,0,0,1,0,3,2,2,0,0,3,1,0,0,0,1,0,0,0,1,0,1,1,0,0,0,0,0,0,1,1,1,0,0,0,0,1,0,0,0,0,0,1,0,0,0,0,0,0,0,0,0,1,0,0,0,0,0,1,0,1,1,5,0,0,0,0,0,0,0,0,0,0,0,1,0,0,0,3,0,0,0,0,0,0,0,0,0,0,0,0,0,1,0,0,0,0,1,0,0,0,0,0,0,0,0,0,0,0,0,0,0,0,0,0,0,0,0,0,0,0,0,1,0,1,0,0,0,0,0
324,0,0,0,0,0,0,0,0,0,0,0,0,3,0,0,0,0,0,0,0,0,0,0,0,0,0,0,0,0,1,0,0,0,0,0,0,0,0,0,0,0,0,0,0,0,0,0,0,0,0,0,1,0,0,0,0,0,0,0,0,0,0,0,0,0,0,0,0,0,1,0,0,0,1,0,0,0,0,0,0,0,0,0,0,0,0,0,0,0,0,0,0,0,1,0,0,0,0,0,0,0,0,0,0,0,0,0,0,0,0,0,0,0,0,0,0,0,0,0,0,0,0,0,0,0,0,0,0,0,0,0,0,0,0,0,0,0,0,0,0,0,0,0,0,0,0,0,0,0,0,0,0,0,0,0,0,0,0,0,0,0,0,0,0,0,0,0,0,0,0,0,0,0,0,0,0,0,0,0
325,0,1,0,0,0,0,2,0,0,4,2,0,0,0,0,0,0,0,0,4,0,6,1,0,0,0,0,0,0,2,0,0,3,0,0,0,0,0,0,0,0,1,0,0,0,0,0,0,0,0,0,0,3,0,1,0,4,0,0,0,0,0,1,1,1,9,0,0,0,0,0,1,0,2,4,1,0,3,3,1,0,0,0,0,2,3,0,1,0,2,1,0,0,0,2,0,1,0,2,2,0,1,3,0,0,1,0,2,2,0,0,1,0,0,0,0,4,4,1,1,0,0,0,0,1,0,0,0,0,0,0,0,0,0,0,0,0,0,0,0,0,0,0,0,0,0,0,0,0,0,0,0,0,0,1,0,0,0,1,0,0,0,0,0,0,0,0,0,0,0,0,1,0,0,1,1,1,0,1
326,0,0,2,2,2,0,1,0,0,2,2,0,0,1,1,0,0,0,3,11,5,1,1,1,0,0,0,0,2,0,0,0,2,1,0,0,0,0,0,0,0,0,2,1,0,0,0,0,0,0,0,0,2,4,0,1,2,3,0,0,0,0,0,1,0,4,2,0,0,0,3,0,0,0,7,0,1,0,0,0,0,0,2,0,0,2,0,0,0,1,0,0,0,0,1,0,2,1,1,0,0,0,3,0,0,0,0,2,0,0,0,1,0,0,2,0,0,0,0,0,0,0,0,1,0,1,0,0,0,0,0,0,1,0,0,0,0,0,0,0,0,0,0,0,0,0,0,0,0,0,0,0,0,0,0,0,0,0,0,0,0,0,0,0,0,0,0,0,0,0,0,3,0,0,0,0,0,0,3
330,0,0,1,0,0,0,0,1,0,0,0,0,0,0,2,0,0,0,0,1,0,0,0,0,2,0,2,0,0,0,0,0,0,1,0,0,0,0,0,0,0,0,0,0,1,0,0,0,3,0,0,0,1,0,1,1,0,0,2,3,1,0,0,0,0,0,0,0,0,0,1,1,0,2,1,0,1,0,1,0,0,0,0,0,0,0,0,0,0,0,0,0,0,0,0,0,0,0,0,1,0,0,1,0,0,0,1,1,0,0,0,1,1,0,0,0,0,1,0,0,0,0,0,0,0,2,0,0,0,0,0,1,0,0,0,0,0,0,0,0,0,0,0,0,0,0,0,0,0,0,0,0,0,0,0,0,0,0,0,0,0,0,0,0,0,0,0,0,0,0,0,1,0,1,0,0,0,0,0
331,0,0,0,0,1,0,2,0,0,0,0,0,0,0,0,0,0,0,0,1,0,0,0,0,1,0,0,0,0,0,2,0,0,0,1,1,0,1,0,0,0,0,0,1,1,0,0,0,2,0,0,0,0,0,1,0,0,0,1,3,0,0,0,0,0,0,0,0,0,0,1,3,1,0,0,2,0,0,0,0,0,0,0,0,0,0,0,0,0,0,0,0,0,0,0,0,0,0,0,0,0,0,0,0,0,0,0,0,0,0,0,0,0,0,0,0,0,0,0,0,0,0,0,0,0,0,0,0,0,0,0,0,0,0,0,0,0,0,0,0,0,0,0,0,0,0,0,0,0,0,0,0,0,0,0,0,0,0,0,0,0,0,0,0,0,0,0,0,0,0,0,1,0,0,0,0,0,0,0
332,0,0,0,0,0,0,1,0,0,0,1,0,0,0,0,0,0,0,0,0,0,0,0,0,0,0,0,1,0,0,1,0,0,0,0,0,3,2,0,0,1,0,1,0,0,0,0,0,3,0,0,0,0,0,0,0,0,0,0,0,0,0,0,0,1,0,0,0,0,0,1,0,0,0,0,0,1,0,0,1,0,0,1,0,1,0,0,0,0,0,0,0,0,0,0,0,0,0,0,0,0,0,0,0,0,3,1,1,0,0,0,0,0,0,1,0,0,0,1,0,0,0,0,1,0,0,0,0,0,0,0,0,0,0,0,0,0,0,0,0,0,0,0,0,0,0,0,0,0,0,0,0,0,0,0,0,0,0,0,0,0,0,0,0,0,0,0,0,0,0,0,0,0,0,0,0,0,0,0
337,0,0,0,0,0,0,0,0,0,1,0,0,0,0,0,0,0,0,0,1,0,0,0,0,1,0,0,1,3,1,0,0,0,0,0,0,2,2,0,1,0,0,0,1,0,0,0,0,1,1,0,0,1,0,2,0,0,0,0,0,0,0,0,1,0,0,0,0,1,0,2,0,0,0,0,0,0,0,0,0,0,1,1,0,2,0,0,0,0,0,0,0,0,0,0,0,2,0,0,0,0,0,0,0,0,2,1,0,0,0,0,1,0,0,1,0,0,1,0,0,0,1,0,0,0,0,1,0,0,0,0,0,0,0,0,0,0,0,0,0,0,0,0,0,0,0,0,0,0,0,0,0,0,0,0,0,0,0,0,0,0,0,0,0,0,0,0,0,0,0,1,0,0,0,0,0,0,0,0
339,0,1,0,0,2,1,0,0,0,0,0,0,0,1,0,0,8,0,0,3,0,2,0,2,0,0,0,0,0,0,0,0,0,0,0,1,0,0,4,1,0,0,0,0,0,0,0,0,0,0,0,0,0,0,0,0,0,0,0,0,0,1,1,3,0,0,0,0,0,0,0,0,1,0,0,0,0,0,0,1,0,0,0,0,0,0,0,0,0,0,0,0,0,0,0,0,2,1,0,0,0,0,0,0,0,0,0,0,1,0,0,0,0,0,0,0,0,0,0,0,0,0,0,1,0,0,1,0,0,0,0,0,0,0,0,0,0,0,0,0,0,0,0,0,0,0,0,0,0,0,0,0,0,0,0,0,0,0,0,0,0,0,0,0,0,0,0,0,0,0,0,0,0,0,0,1,0,0,0
340,0,0,0,0,0,0,1,0,0,0,0,0,0,1,1,0,1,0,0,1,1,0,1,1,0,0,0,1,1,0,3,1,0,0,0,1,1,3,0,5,0,0,1,3,1,1,0,0,2,1,0,0,0,0,3,0,0,0,0,0,0,0,1,1,0,0,0,0,0,0,0,0,0,0,0,0,0,0,0,0,0,0,0,0,0,0,0,0,0,0,0,0,0,0,0,0,0,0,0,0,0,0,1,0,0,0,2,0,0,0,0,0,0,0,0,0,0,0,0,0,0,0,0,1,0,0,2,0,0,0,0,0,0,0,0,0,0,0,0,0,0,0,0,0,0,0,0,0,0,0,0,0,0,0,0,0,0,0,0,0,0,0,0,0,0,0,0,0,0,0,0,1,0,0,0,0,0,0,0
342,0,0,1,0,0,0,0,0,0,0,0,0,0,0,0,0,0,0,0,0,0,0,1,0,0,0,0,2,1,0,0,0,1,1,0,0,0,0,0,2,2,0,0,1,0,1,0,1,2,0,0,0,0,0,0,0,0,0,0,0,0,0,0,0,0,1,1,0,1,0,1,1,0,0,0,0,0,0,0,1,0,0,0,0,0,0,0,0,0,1,0,0,0,0,0,0,0,1,0,0,0,0,0,0,0,3,4,0,0,0,0,1,0,0,0,1,0,0,0,0,0,0,0,0,0,0,0,0,0,0,0,0,0,0,0,0,0,0,0,0,0,0,0,0,0,0,0,0,0,0,0,0,0,0,0,0,0,0,0,0,0,0,0,0,0,0,0,0,0,0,0,0,0,0,0,0,0,0,0
346,0,4,0,0,2,0,0,0,0,0,1,0,0,1,0,0,0,0,2,1,0,1,0,0,0,0,0,0,0,0,0,0,0,0,0,0,0,0,0,0,0,5,0,0,0,0,1,1,0,0,0,0,3,0,0,1,0,4,0,0,0,0,0,0,0,3,1,0,0,0,1,0,0,0,0,0,0,1,1,0,1,4,0,0,2,0,0,1,0,0,0,1,0,0,1,0,0,3,0,0,0,1,0,0,0,0,0,0,0,0,0,2,2,0,1,0,0,0,0,0,1,1,0,0,0,0,0,1,0,0,0,0,0,0,0,0,0,0,0,0,0,0,0,0,0,0,0,0,0,0,0,0,0,1,0,0,0,0,4,0,0,0,0,0,0,1,0,0,0,0,0,0,0,0,0,0,0,0,0
349,0,0,0,2,0,0,1,0,0,2,0,0,0,0,0,0,0,0,0,0,0,0,0,0,1,1,0,0,0,0,4,0,0,0,0,0,0,0,0,0,2,0,2,1,1,0,0,1,0,1,0,0,0,0,0,0,0,0,0,1,0,0,0,0,2,1,1,0,1,0,0,0,1,0,0,1,0,0,1,1,0,0,0,0,0,0,0,0,0,1,0,0,0,0,0,0,0,0,1,0,0,0,1,0,0,1,1,1,0,0,0,0,0,0,1,0,1,0,0,0,0,2,0,0,0,0,0,1,0,0,0,0,0,0,0,0,0,0,0,0,0,0,0,0,0,0,0,0,0,0,0,0,0,0,0,0,0,0,0,0,0,0,0,0,0,0,0,0,0,0,0,2,0,1,0,0,0,0,0
350,0,0,0,0,0,0,0,0,0,0,0,0,0,1,0,0,1,0,0,1,0,0,0,1,1,0,1,2,1,1,1,0,1,0,0,0,0,1,0,4,1,0,2,3,0,1,0,1,1,0,0,0,0,1,0,1,0,0,0,2,1,0,0,0,0,0,0,0,2,0,0,1,0,0,1,0,0,0,1,3,0,0,0,0,0,0,0,0,0,1,0,0,0,0,1,0,0,0,0,0,0,2,2,0,0,2,0,0,0,0,0,0,0,0,0,0,0,0,0,0,0,2,0,0,0,0,0,0,0,0,0,0,0,0,0,0,0,0,0,0,0,0,0,0,0,0,0,0,0,0,0,0,0,1,0,0,0,0,0,0,0,0,0,0,0,0,0,0,0,0,0,1,0,0,0,0,0,0,1
351,0,1,0,0,0,0,0,0,0,0,1,0,0,0,0,0,0,0,0,0,1,0,0,1,0,0,0,0,0,2,3,0,0,2,1,0,0,0,1,3,0,0,0,0,6,0,1,0,0,2,0,0,0,0,1,0,0,0,0,1,1,0,0,0,0,0,0,0,3,0,0,0,2,3,0,3,0,0,1,1,0,0,0,0,0,0,0,0,0,0,0,0,0,0,0,0,0,0,0,1,0,0,0,0,0,1,0,0,0,0,0,0,0,0,0,0,0,0,0,0,0,2,0,3,1,0,1,0,0,1,0,0,1,0,0,0,0,0,0,0,0,0,0,0,0,0,0,0,0,0,0,0,0,0,0,1,0,0,1,0,0,0,0,0,0,0,0,0,0,0,0,1,0,0,0,0,1,0,0
356,0,0,0,1,0,0,0,0,0,0,2,0,0,0,0,0,0,0,0,0,3,0,1,0,0,0,0,3,1,1,1,0,0,0,0,0,0,0,0,1,1,0,1,2,0,0,0,0,0,0,0,0,0,0,0,0,0,0,0,1,0,0,0,1,3,2,0,0,2,0,0,1,0,0,1,0,0,0,0,1,0,0,0,0,0,0,0,0,0,0,1,0,0,0,0,0,0,0,0,0,0,0,2,0,0,1,2,1,0,0,0,0,0,1,0,0,0,0,0,0,0,0,0,0,0,0,0,0,0,0,0,0,0,0,0,0,0,0,0,0,0,0,0,0,0,0,0,0,0,0,0,0,0,0,0,0,0,0,0,0,0,0,0,0,0,0,0,0,0,0,0,0,0,0,0,0,0,0,0
358,0,0,0,0,2,1,0,0,0,0,0,1,0,0,2,0,0,0,4,1,6,0,0,0,0,0,1,1,1,0,0,0,1,0,0,0,0,0,0,0,0,1,0,0,0,1,5,1,0,1,0,0,2,2,1,5,0,1,1,0,0,2,0,1,0,2,0,0,0,0,9,0,0,0,2,0,0,1,3,1,1,2,0,0,2,0,0,4,0,1,1,0,1,0,1,0,0,0,2,0,0,0,0,0,2,1,0,0,0,0,2,0,1,0,2,1,1,0,0,0,3,2,0,0,0,2,0,1,0,0,0,0,0,0,0,0,0,0,1,1,0,0,0,1,0,0,0,3,0,0,0,0,0,1,0,0,0,0,5,0,0,0,0,0,0,0,0,0,0,0,0,2,0,5,0,0,0,0,3
359,0,1,0,2,0,1,0,0,0,0,0,0,0,0,1,0,0,1,0,0,1,1,0,0,0,6,0,0,0,0,0,0,0,0,0,0,0,0,0,0,0,0,0,0,0,0,0,2,0,1,0,0,0,0,0,0,2,1,0,0,0,1,0,1,0,0,0,0,0,0,1,1,0,1,0,2,1,4,0,2,0,0,0,3,0,0,5,0,0,0,15,4,2,0,0,1,1,1,0,6,3,0,1,1,3,3,1,2,4,1,2,5,2,1,1,2,2,2,0,2,0,0,0,2,0,2,0,0,1,0,6,2,3,0,0,4,1,0,2,1,2,0,1,0,0,1,0,1,1,0,0,0,4,0,0,2,0,0,3,1,0,0,0,0,0,0,0,0,0,0,1,0,0,0,6,5,2,0,0
361,0,0,1,0,0,0,0,0,0,3,1,0,0,0,0,1,1,0,1,1,0,0,0,2,0,0,0,3,2,1,0,0,1,2,0,2,0,0,0,1,1,0,0,2,2,0,0,0,6,0,0,0,1,0,3,0,1,0,0,3,3,0,0,1,0,1,0,0,0,0,0,0,0,1,1,0,0,1,1,0,0,0,0,0,0,1,0,0,0,3,0,0,0,0,0,0,0,1,0,1,0,0,2,0,0,0,4,2,0,0,0,0,0,0,1,0,0,1,0,0,0,0,0,2,0,0,1,1,0,0,0,1,0,0,0,0,0,0,0,0,0,0,0,0,0,0,0,0,0,0,0,0,1,0,0,0,0,0,0,0,0,0,0,0,0,0,0,0,0,0,0,3,1,0,0,0,2,0,0
363,0,0,0,0,1,0,0,0,0,0,0,0,0,0,0,0,0,0,1,0,0,0,1,0,7,0,1,0,0,0,3,0,0,0,0,0,0,1,0,0,0,1,0,0,1,0,2,1,0,5,0,0,0,0,1,0,0,0,0,0,0,1,0,0,0,1,0,0,0,0,11,0,0,1,0,0,1,1,0,0,0,0,0,0,1,0,0,1,0,0,1,0,0,0,0,0,0,0,0,0,0,1,0,0,0,0,0,0,0,0,0,2,0,0,0,0,0,0,0,1,0,0,0,0,0,0,1,0,0,0,0,0,0,0,0,0,0,1,0,0,0,0,0,0,0,0,0,0,0,0,0,0,0,0,0,1,0,0,0,0,0,0,0,0,0,0,0,0,0,0,0,0,0,0,0,0,0,0,0
365,2,0,0,0,0,0,0,0,0,0,0,0,1,0,0,2,0,0,0,0,0,0,0,0,0,0,0,0,0,0,0,0,0,0,0,0,0,0,0,0,0,0,0,0,0,0,0,0,0,0,1,1,0,0,0,0,0,0,0,0,0,0,0,0,0,0,0,1,0,2,0,0,0,0,0,0,0,0,0,0,0,0,0,0,0,0,0,0,0,0,0,0,0,0,0,0,0,0,1,0,0,0,0,0,0,0,0,0,0,0,0,0,0,0,0,0,0,0,0,0,0,0,0,0,0,0,0,0,0,0,0,0,0,0,0,0,0,0,0,0,0,0,0,0,0,0,0,0,0,0,0,0,0,0,0,0,0,0,0,0,0,0,0,0,0,0,0,0,0,0,0,0,5,0,0,0,0,0,0
366,0,0,0,0,0,0,0,0,0,0,0,0,1,0,1,0,0,0,0,0,0,0,0,0,0,0,0,0,0,0,0,8,0,0,0,0,0,0,0,0,0,0,0,0,0,0,0,0,0,0,2,0,0,0,0,0,0,0,0,0,0,0,0,0,0,0,0,0,0,0,0,0,0,0,0,0,0,0,0,0,0,0,0,0,0,0,0,0,0,0,0,0,0,0,0,0,0,0,0,0,0,0,0,0,0,0,0,0,0,0,0,0,0,0,1,0,0,0,0,0,0,0,0,0,0,0,0,0,1,0,0,0,0,0,0,0,0,0,0,0,0,0,0,0,0,0,0,0,0,0,0,0,0,0,0,0,0,0,0,0,0,0,0,0,0,0,0,0,0,0,0,0,1,0,0,0,0,0,0
368,0,8,0,0,5,1,0,0,0,1,1,3,0,0,1,0,0,0,2,2,5,2,1,0,3,1,0,0,1,1,1,0,2,0,0,0,0,1,0,0,1,2,0,0,0,0,1,0,0,0,0,0,3,3,0,2,2,0,1,0,2,0,0,0,1,3,1,1,1,0,3,1,0,1,7,0,4,5,0,1,3,0,0,0,1,0,0,0,0,0,1,0,3,0,1,0,1,0,2,1,0,2,2,1,1,0,1,1,1,1,1,1,0,0,0,0,0,1,1,1,0,0,0,1,1,0,0,3,0,0,0,0,0,0,0,0,0,0,0,0,0,2,0,0,0,0,0,1,0,0,0,0,0,0,2,0,0,0,2,0,0,0,0,0,0,0,0,1,0,1,0,1,1,2,0,0,1,0,1
369,0,1,0,0,2,0,1,0,0,0,1,0,0,1,0,0,0,0,0,2,1,0,3,0,0,0,0,0,0,0,0,0,0,0,0,0,0,0,0,0,0,1,0,0,0,1,3,0,0,0,0,0,0,2,0,0,2,0,0,0,0,1,0,0,0,2,0,0,0,0,0,2,0,0,4,0,0,1,1,0,0,2,0,0,0,1,0,1,0,0,0,0,1,0,5,0,1,0,0,0,0,1,1,0,0,0,0,0,1,0,2,0,0,0,2,0,0,0,2,0,0,0,0,1,0,0,0,0,0,0,0,0,0,0,0,0,0,0,0,0,0,0,0,0,0,0,2,0,0,1,0,0,0,0,0,0,0,0,0,0,0,0,0,0,0,0,0,0,0,1,0,1,0,0,0,0,0,1,0
376,0,0,0,0,0,0,0,0,0,0,0,0,0,0,0,0,1,0,1,0,0,1,0,1,3,0,2,0,0,0,1,0,0,1,0,1,1,1,0,2,0,0,1,0,1,0,0,0,0,2,0,0,3,0,6,0,0,0,0,1,4,1,2,1,1,0,0,0,2,0,2,2,1,0,0,2,0,0,0,0,0,1,1,0,0,0,0,0,0,0,0,0,0,0,0,0,0,0,0,0,0,0,0,0,0,1,1,1,0,0,0,0,0,0,0,0,0,0,0,0,1,0,0,1,0,0,0,0,0,0,0,0,0,0,0,0,0,0,0,0,0,0,0,0,0,0,0,0,0,0,0,0,0,0,0,0,0,0,0,0,0,0,0,0,0,0,0,0,0,0,0,1,1,1,0,0,0,0,0
377,0,4,0,0,0,0,0,0,0,0,0,0,0,0,1,0,0,0,1,1,3,0,1,0,0,0,0,0,0,0,0,0,0,0,2,0,0,0,0,0,0,1,0,2,0,0,2,0,0,0,0,0,1,0,0,1,1,1,1,0,0,1,0,0,3,0,1,0,1,0,5,0,1,2,1,0,0,0,2,0,2,0,0,0,0,0,0,1,0,0,1,2,0,0,1,0,0,0,0,0,0,0,0,0,0,0,1,0,0,0,1,0,0,1,4,1,0,0,1,0,0,0,0,0,1,0,0,2,1,0,0,0,1,0,0,0,0,0,0,0,0,0,0,0,0,0,0,0,0,0,0,0,0,0,2,0,0,0,3,0,0,0,0,0,0,0,0,0,0,0,0,1,0,3,0,0,1,0,1
379,0,0,0,0,2,0,2,0,1,1,1,0,0,1,0,0,0,0,2,1,1,0,2,0,0,0,0,0,0,2,0,0,0,0,0,0,0,0,0,0,0,0,0,0,0,0,0,1,2,0,0,0,0,0,0,0,0,0,2,0,0,0,0,0,0,3,0,0,0,0,0,0,0,0,1,0,1,2,4,0,1,1,0,0,0,0,0,1,0,0,1,1,0,0,2,1,0,2,6,0,0,5,7,2,1,0,0,0,1,0,1,2,6,2,7,0,0,3,2,0,0,1,0,1,1,1,0,1,1,0,0,0,2,0,0,0,0,1,0,0,0,0,1,0,0,0,0,0,0,0,1,1,1,4,1,0,0,0,0,0,0,0,0,0,0,0,0,0,0,0,0,1,0,1,3,0,4,3,0
380,0,0,0,0,2,0,0,0,0,2,1,2,0,0,0,0,0,0,6,4,1,1,0,0,1,0,1,0,0,0,0,0,0,0,0,0,0,0,0,0,0,2,0,0,0,0,4,0,0,1,0,0,2,1,0,1,0,4,0,0,0,1,0,0,2,2,0,0,2,0,6,0,0,1,2,2,1,1,2,2,0,3,0,0,3,1,0,1,0,0,1,1,0,0,3,0,0,1,0,0,0,4,2,0,0,0,0,0,2,0,2,0,2,2,0,1,0,0,0,0,2,0,0,0,0,0,0,1,0,0,0,0,0,0,0,0,0,0,0,0,0,0,0,0,0,0,0,0,0,0,0,0,0,0,2,0,0,0,2,0,0,0,0,0,0,0,0,0,0,0,0,1,0,2,0,0,0,0,0
383,0,0,0,0,4,0,0,0,0,3,2,1,0,0,0,0,1,0,1,3,1,1,1,0,0,0,2,0,0,0,0,0,0,0,1,0,0,0,0,0,0,2,1,0,0,0,2,0,0,0,0,0,2,0,1,0,0,0,20,0,0,2,0,0,0,0,0,0,1,0,1,1,3,3,6,0,1,0,0,1,0,0,0,0,0,0,0,1,0,0,0,3,0,0,1,0,0,1,2,0,0,1,0,0,0,0,0,0,3,0,2,0,0,1,1,0,0,1,2,1,0,0,0,1,0,0,0,1,0,0,1,0,0,0,0,0,0,0,0,0,0,0,0,0,0,0,0,0,0,0,0,0,0,0,0,0,0,0,0,0,0,0,0,0,0,0,0,0,0,0,0,2,0,0,0,1,0,0,1
386,0,0,0,0,2,0,0,0,0,0,0,0,0,1,0,1,0,0,1,0,1,0,0,0,3,0,1,0,1,0,2,0,1,0,0,0,0,0,0,0,0,0,0,1,0,0,0,0,1,0,0,0,0,0,2,0,0,0,1,3,2,0,0,0,1,0,0,0,0,0,0,1,0,0,0,0,0,0,0,0,1,0,0,0,0,0,0,0,0,0,0,0,0,0,0,0,0,0,0,0,0,0,1,0,0,0,0,0,0,0,0,0,0,0,0,0,0,0,0,0,0,1,0,0,0,0,0,0,0,0,0,0,0,0,0,0,0,0,0,0,0,0,0,0,0,0,0,0,0,0,0,0,0,0,0,0,0,0,0,0,0,0,0,0,0,0,0,0,0,0,0,1,0,0,0,0,1,0,0
387,0,0,3,0,1,0,0,2,0,0,0,0,0,0,0,1,0,0,0,1,3,0,0,0,6,0,5,0,0,1,1,0,0,2,1,0,0,1,0,0,0,0,0,2,0,0,0,0,3,0,0,0,1,1,0,0,0,0,1,0,7,0,0,0,2,0,0,0,2,0,8,0,0,1,1,1,0,0,0,0,0,0,0,0,0,0,0,0,0,4,0,1,0,0,0,0,0,0,0,0,0,1,1,0,0,0,0,0,0,0,0,0,0,0,0,0,0,0,0,0,0,0,0,0,0,0,2,2,0,0,0,0,0,0,0,0,0,0,0,0,0,0,0,0,0,0,0,0,0,0,0,0,0,0,0,0,0,0,1,0,0,0,0,0,0,0,0,0,0,0,0,2,0,1,0,0,1,0,1
388,0,0,0,0,2,0,1,0,0,0,0,0,0,2,0,0,0,0,1,0,0,0,0,0,1,0,0,0,0,0,0,0,0,1,0,0,0,0,0,0,0,0,0,0,0,0,3,0,0,0,0,0,0,0,0,0,0,0,0,0,0,1,0,0,0,1,2,0,0,0,3,0,0,0,0,0,0,3,6,0,4,1,0,1,0,1,1,3,0,1,1,0,1,0,2,2,0,2,1,1,0,0,1,0,0,0,1,0,0,1,2,0,1,0,1,0,0,1,1,1,1,0,0,1,0,0,0,0,0,0,0,0,0,0,0,0,0,1,0,0,2,0,0,0,0,0,1,0,0,0,0,0,0,0,0,0,0,0,8,0,0,0,0,0,0,0,0,0,0,0,0,0,0,0,0,0,0,1,2
393,0,0,0,0,0,0,0,0,0,1,2,0,0,0,0,0,1,0,0,1,2,1,2,0,2,0,0,1,2,1,0,0,1,2,0,0,0,0,0,0,0,0,0,0,0,0,1,0,0,0,0,0,0,1,0,1,1,0,0,0,0,1,1,0,1,2,0,0,2,0,0,1,1,1,0,0,0,1,0,0,2,0,1,0,0,0,0,0,0,0,0,0,0,0,0,0,0,0,1,0,0,0,1,0,0,0,1,1,0,0,0,0,0,0,1,0,1,0,0,0,0,0,0,0,0,0,0,0,0,0,0,1,0,0,0,0,0,0,0,0,0,0,0,0,0,0,0,0,0,0,0,0,0,0,0,0,0,0,0,0,0,0,0,0,0,0,0,0,0,0,0,1,0,0,0,0,1,0,0
394,0,0,2,0,0,1,0,0,0,2,2,0,0,0,0,0,2,0,1,9,4,3,0,0,0,0,0,3,2,2,0,0,0,1,0,0,0,1,0,0,0,0,1,1,1,1,1,0,0,0,0,0,0,1,0,0,0,2,3,0,0,0,1,4,0,1,1,0,2,0,0,4,4,2,0,0,0,1,0,0,0,0,0,0,1,0,0,0,0,0,0,0,0,0,0,0,0,0,0,1,0,2,3,0,0,1,1,7,0,0,0,0,0,0,1,0,0,0,0,1,0,1,1,1,0,0,1,0,1,0,0,0,0,0,0,0,0,0,0,0,0,0,0,0,0,0,0,0,0,0,0,0,0,0,0,0,0,0,1,0,0,0,0,0,0,0,0,0,0,0,0,2,0,0,1,1,2,0,0
401,0,1,0,0,0,0,0,0,0,1,0,0,0,2,1,0,0,0,0,2,1,4,0,1,1,0,0,0,0,0,0,0,3,3,1,0,1,1,0,1,0,0,0,1,0,1,2,0,1,0,0,0,0,0,0,1,0,2,0,0,1,0,0,1,4,1,0,0,0,0,0,4,0,4,2,2,3,0,1,3,0,0,0,0,0,0,0,1,0,2,0,0,0,0,0,0,0,0,1,0,0,1,4,0,0,0,1,1,0,0,0,1,0,0,2,1,0,0,0,0,0,0,0,0,1,0,0,1,0,0,0,0,0,0,0,0,0,0,0,0,0,0,0,0,0,0,0,0,0,0,0,0,0,0,0,0,0,0,0,0,0,0,0,0,0,0,0,0,0,0,0,13,0,0,0,0,0,0,0
402,0,3,2,0,1,1,1,0,0,2,2,0,0,1,1,0,0,0,2,4,7,1,3,0,1,0,0,1,2,1,0,0,6,2,1,0,0,0,0,0,0,1,1,0,0,0,0,0,1,0,0,0,6,1,0,0,4,2,0,0,2,1,1,1,1,3,1,0,3,0,2,2,3,3,3,1,0,0,4,3,1,4,0,0,0,3,0,3,0,0,4,0,1,1,3,0,6,5,2,3,1,2,6,1,0,0,0,4,3,0,2,2,0,1,7,0,1,2,2,1,0,0,1,4,7,0,1,2,0,0,0,0,0,0,0,0,0,0,0,0,0,0,0,0,1,0,0,0,0,0,0,0,0,0,0,1,0,0,4,0,0,0,0,1,0,0,0,0,0,0,0,1,1,0,3,0,2,0,0
403,0,0,3,2,3,0,0,0,0,0,0,1,1,0,1,0,0,0,0,1,0,0,1,0,0,0,0,0,0,1,0,0,1,2,0,0,0,0,0,0,0,0,1,0,0,0,0,0,0,0,0,1,1,0,1,0,1,0,0,0,0,0,0,1,0,1,4,0,1,0,1,4,3,1,2,1,0,0,2,1,0,0,0,0,0,0,0,0,0,2,0,0,0,0,3,0,2,0,0,0,0,1,0,0,0,0,0,2,1,1,0,0,0,0,0,0,0,1,0,0,0,0,0,1,0,0,0,0,0,0,0,0,0,0,0,0,0,0,0,0,0,0,0,0,0,0,0,0,0,0,0,0,0,0,0,0,0,0,0,0,0,0,0,0,0,0,0,0,0,0,0,0,0,1,0,0,0,0,0
406,0,0,0,0,0,0,0,0,0,0,0,0,0,0,0,0,0,0,0,0,1,0,0,0,0,0,0,0,0,0,0,0,0,0,0,0,0,0,0,0,0,0,0,0,0,0,0,0,0,0,0,0,0,0,0,0,0,0,0,1,3,0,0,0,0,0,0,2,0,0,0,0,0,0,0,0,0,0,0,0,0,0,0,0,0,0,0,0,0,0,0,0,0,0,0,0,0,0,0,0,0,0,0,0,0,0,0,0,0,0,0,0,0,0,0,0,0,0,0,0,0,0,0,1,0,0,0,0,0,0,0,0,0,0,0,0,0,0,0,0,0,0,0,0,0,0,0,0,0,0,0,0,0,0,0,0,0,0,0,0,0,0,0,0,0,1,0,0,0,0,0,0,0,0,0,0,0,1,0
410,0,1,0,0,3,2,0,0,0,1,0,0,0,0,2,0,2,0,0,3,0,1,0,1,0,0,0,1,2,1,0,0,0,6,0,0,0,1,0,2,0,0,0,0,1,3,2,0,2,0,0,0,4,0,0,1,1,1,2,0,0,0,6,4,0,0,1,0,15,0,1,0,2,3,0,1,0,0,0,1,0,0,0,0,0,0,0,0,0,1,0,0,1,0,0,0,3,1,0,1,0,0,1,0,0,0,2,1,1,0,0,1,0,0,1,0,0,0,0,0,0,4,1,1,0,0,0,0,0,0,0,0,1,0,0,0,0,0,0,0,0,0,0,0,0,0,0,0,0,0,0,0,0,0,0,0,0,0,0,0,0,0,0,0,0,0,0,0,0,0,0,4,0,0,0,0,1,0,0
416,0,0,1,0,0,0,0,0,0,0,0,0,3,0,0,0,0,0,0,0,0,0,0,0,0,0,0,0,0,0,0,3,0,0,0,0,0,0,0,0,0,0,0,0,0,0,0,0,0,0,1,0,0,0,0,0,0,0,0,0,0,0,0,0,0,0,0,2,0,0,0,0,0,0,0,0,0,0,0,0,0,0,0,0,0,0,0,0,0,0,0,0,0,0,0,0,0,0,0,0,0,0,0,0,0,0,0,0,0,0,0,0,0,0,0,0,0,0,0,0,0,0,0,0,0,0,0,0,0,0,0,0,0,0,0,0,0,0,0,0,0,0,0,0,0,0,0,0,0,0,0,0,0,0,0,0,0,0,0,0,0,0,0,0,0,0,0,0,5,0,0,1,1,0,0,0,0,0,0
426,0,3,0,0,1,0,0,0,0,0,0,6,0,2,2,0,0,0,2,0,1,0,0,0,6,1,3,0,1,0,0,0,0,0,0,0,0,1,0,0,0,2,0,0,2,0,1,0,0,6,0,0,5,1,3,0,0,4,2,2,8,4,0,0,1,1,0,0,0,0,16,0,0,1,2,0,0,0,0,1,2,1,0,0,10,0,0,3,0,1,0,2,1,0,0,1,1,4,0,0,1,4,0,0,0,0,0,1,0,1,0,6,0,0,2,0,0,2,0,2,5,0,0,1,0,0,0,0,0,0,0,0,0,0,0,0,0,0,0,0,1,1,0,1,0,0,1,1,0,0,0,1,0,0,0,1,0,0,3,0,0,0,0,0,0,0,0,0,0,0,0,2,0,2,0,0,2,0,4
428,0,0,2,0,1,0,1,0,0,1,1,1,0,0,0,0,0,0,0,2,2,2,2,3,0,0,0,2,0,1,1,0,1,2,0,1,0,0,0,0,0,0,0,0,1,1,0,2,1,0,0,0,1,2,0,3,1,0,1,0,0,1,1,2,0,1,3,0,1,0,1,1,3,3,2,1,1,0,1,4,0,0,1,0,1,1,0,0,0,2,1,0,0,0,0,0,0,0,3,0,0,0,3,0,0,0,2,0,2,0,0,0,0,1,1,0,0,0,0,0,0,0,0,2,1,0,1,1,0,0,0,0,1,0,0,0,0,0,0,0,0,0,0,0,0,0,0,0,0,0,0,0,0,1,0,0,0,0,0,0,0,0,0,0,0,0,0,0,0,0,0,3,0,0,1,1,0,0,0
432,0,0,3,1,0,0,0,0,1,3,0,0,0,1,0,0,2,0,1,9,3,3,3,1,1,0,1,2,2,0,2,0,0,2,2,0,0,0,0,0,0,1,3,1,2,5,0,1,0,0,0,0,0,1,0,0,0,0,0,0,0,1,0,1,4,1,3,0,0,0,0,5,3,3,2,0,4,0,2,0,1,0,0,0,0,1,0,0,0,0,0,0,0,2,0,0,0,1,0,1,0,0,4,0,1,2,1,3,2,1,0,0,0,1,2,0,0,0,0,0,0,2,0,2,2,1,0,1,0,0,0,0,0,0,0,0,0,0,0,1,0,0,0,1,0,0,0,0,0,0,0,0,0,0,0,0,0,0,1,0,0,0,0,0,0,0,0,0,0,0,0,1,0,1,0,0,2,0,0
433,0,0,1,0,7,1,2,0,0,0,3,0,0,4,3,0,1,1,4,16,2,4,7,0,0,0,0,0,2,1,0,0,2,2,1,0,1,1,1,0,1,0,1,0,1,0,1,3,1,0,0,0,0,0,1,1,0,0,1,1,0,0,2,1,1,5,0,0,0,0,0,3,2,4,0,0,1,1,3,1,0,0,1,0,0,1,0,0,0,1,1,1,1,0,3,0,1,1,3,0,0,1,7,0,0,2,0,1,1,0,1,0,0,1,2,0,1,1,0,0,0,0,0,1,3,0,0,0,0,0,0,0,0,0,0,0,0,0,0,0,0,0,0,0,0,0,0,0,0,0,0,0,0,0,1,0,0,0,5,0,0,0,0,0,0,0,0,0,0,0,0,6,0,0,0,2,0,2,0
435,0,0,2,0,0,0,2,0,0,2,4,5,0,5,3,0,0,0,6,2,1,1,0,0,1,1,1,0,1,0,0,0,2,4,0,0,0,0,0,0,0,6,0,0,0,0,4,0,0,0,0,0,1,1,0,0,1,4,4,0,0,7,1,0,1,2,0,0,0,0,0,1,1,1,4,1,1,3,0,1,6,7,0,0,11,2,1,2,0,1,1,1,1,0,8,0,1,3,1,1,3,0,2,0,0,1,1,3,5,0,13,0,1,1,7,1,0,3,3,2,0,0,0,7,2,0,0,0,0,0,0,1,1,1,0,0,0,0,0,0,0,2,0,1,0,0,0,0,0,0,0,0,0,1,1,1,0,0,5,0,0,0,0,0,0,0,0,1,0,0,0,1,0,0,1,2,1,1,2
438,0,0,1,0,0,0,1,0,0,1,0,2,0,2,0,0,0,0,0,0,4,1,1,2,0,0,0,4,0,1,0,0,1,1,1,0,0,0,0,0,0,0,0,0,1,0,1,1,0,0,0,0,1,0,0,0,0,1,2,0,0,0,0,2,5,1,2,0,1,1,0,1,0,2,1,2,3,0,0,0,1,0,0,1,1,0,0,1,0,1,0,0,0,1,0,0,3,0,1,0,0,1,1,0,0,1,0,0,0,0,0,0,0,0,0,0,0,0,1,0,0,0,0,1,2,0,0,0,0,0,0,0,0,0,0,0,0,0,0,0,0,0,0,0,0,0,0,0,0,0,0,0,0,0,0,0,1,0,1,0,0,0,0,0,0,0,0,0,0,0,0,0,0,0,1,0,0,0,0
439,0,0,1,0,1,0,0,0,0,1,0,0,0,1,0,0,0,0,0,4,3,1,2,2,1,0,1,1,3,2,0,0,1,1,2,0,0,0,0,0,0,0,1,0,0,0,2,0,0,0,0,0,1,1,0,0,0,0,0,0,0,0,0,1,4,4,1,0,0,0,0,0,3,2,0,3,0,1,0,0,0,0,0,0,1,0,0,2,0,2,2,0,0,0,0,0,1,1,0,1,0,1,2,0,0,0,0,2,0,0,0,0,0,1,2,0,0,3,1,0,0,1,0,2,0,0,1,0,0,0,0,0,0,0,0,0,0,0,0,0,0,0,0,0,0,1,0,0,0,0,0,0,0,0,0,0,0,0,0,0,0,0,0,0,0,0,0,0,0,0,0,3,0,0,0,1,0,1,0
442,0,0,0,0,1,0,0,0,0,2,0,0,0,3,0,0,0,0,3,0,1,1,1,0,2,0,1,0,1,1,0,0,1,0,0,0,0,0,0,0,0,3,0,1,0,0,0,1,0,0,0,0,1,0,0,0,1,2,0,0,0,1,0,1,0,2,0,0,0,0,3,0,1,1,3,1,1,3,1,1,2,4,0,0,0,1,0,1,0,0,6,0,2,0,5,0,1,3,2,1,3,1,4,0,0,0,0,4,2,0,5,0,2,2,6,4,0,2,1,0,0,0,0,0,0,2,0,0,0,1,0,0,0,0,0,1,0,0,0,0,0,1,0,1,1,0,0,0,1,1,0,0,0,1,4,1,0,0,0,0,0,0,0,0,0,0,0,0,0,0,0,2,0,1,2,2,1,2,2
444,0,1,0,0,4,1,4,0,1,3,1,0,0,3,1,0,0,0,2,7,2,0,0,0,0,1,1,0,0,1,1,0,1,2,1,0,0,0,0,0,0,1,0,0,0,0,0,2,2,0,0,0,3,0,0,0,2,2,1,0,2,2,1,0,0,2,0,0,2,0,1,0,1,2,0,0,1,2,1,2,2,1,0,0,1,1,0,0,0,0,0,1,2,0,3,1,2,3,0,1,0,4,8,0,0,2,0,5,4,0,1,3,1,0,2,2,1,2,1,1,0,1,0,1,0,0,0,0,0,0,0,0,1,0,0,1,0,0,1,1,1,0,0,0,0,0,0,1,1,0,0,0,0,0,2,1,1,0,0,0,0,0,0,0,0,0,0,0,0,0,0,2,0,0,1,2,2,0,0
445,0,0,2,0,4,0,1,0,0,3,2,1,0,0,0,0,0,0,3,8,11,0,1,1,1,0,0,2,0,2,2,0,0,1,0,0,0,0,1,0,0,1,4,1,1,1,0,2,0,0,0,0,1,0,1,0,0,0,2,0,0,0,1,1,1,4,1,0,4,0,0,0,1,1,1,2,0,1,1,6,0,0,0,1,0,2,0,1,0,0,0,0,0,0,0,0,1,0,1,0,0,1,3,0,0,0,3,3,0,0,0,0,0,0,0,0,0,0,0,0,0,0,1,0,0,0,0,1,0,0,1,0,1,0,0,0,0,0,0,0,0,0,0,0,0,0,0,0,0,0,0,0,0,0,0,0,0,0,2,0,0,0,0,0,0,0,0,0,0,0,0,1,0,1,0,0,2,0,0
448,0,0,0,0,0,4,0,0,0,0,0,1,0,1,0,0,0,0,0,0,0,0,0,0,2,0,0,0,0,0,0,0,0,0,0,0,0,0,0,0,0,0,0,0,0,0,1,0,0,0,0,0,0,2,0,1,0,0,0,0,0,1,0,0,0,2,0,0,0,0,4,0,2,0,4,0,0,0,2,0,1,1,0,0,2,0,0,2,0,0,0,1,1,0,0,0,0,4,2,0,1,1,0,2,2,0,0,1,3,0,3,3,1,0,1,1,0,4,1,0,1,0,0,0,0,0,0,0,0,0,0,0,0,0,0,0,0,0,0,0,0,0,1,0,0,1,0,0,0,2,0,0,0,0,3,0,0,0,4,0,0,0,0,0,0,0,0,1,0,0,1,0,0,0,4,0,0,1,2
453,0,0,0,0,0,0,0,0,0,1,0,0,0,1,0,0,0,0,1,0,0,0,0,0,1,0,0,0,0,0,0,0,0,0,0,0,0,2,0,0,0,0,0,0,1,0,2,0,0,0,0,0,1,0,0,0,1,3,1,0,0,3,0,0,0,3,0,0,0,0,2,0,0,0,8,1,0,4,1,0,1,5,0,1,3,0,1,1,0,0,2,0,0,0,6,0,2,2,1,1,0,2,3,0,0,0,0,0,0,1,1,0,1,1,0,1,0,2,0,1,0,1,0,1,0,0,0,0,0,0,0,0,0,0,0,0,1,0,0,0,0,0,0,0,0,0,0,0,1,0,0,0,0,0,0,0,0,0,7,0,0,0,0,0,0,0,0,0,0,0,0,3,0,1,1,0,1,0,1
455,0,0,0,0,0,1,0,0,1,0,1,0,0,0,0,0,9,1,0,0,1,0,0,0,0,2,0,0,0,0,0,0,0,0,0,0,0,0,0,0,0,0,0,0,0,0,0,3,0,0,0,0,0,0,0,0,0,0,0,0,0,0,0,0,0,0,0,0,0,0,0,0,0,0,2,0,0,0,0,0,0,0,1,0,1,0,1,0,0,0,1,0,0,0,0,0,0,0,1,0,0,1,0,0,1,1,0,1,1,0,0,0,0,1,1,0,2,1,0,1,0,0,0,0,0,1,1,0,0,0,0,1,5,0,0,0,0,0,0,0,0,0,0,0,0,1,1,0,1,0,0,0,2,0,0,0,0,0,1,2,2,0,0,0,0,0,0,0,0,0,0,0,0,0,1,0,0,0,0
456,0,0,0,0,0,1,0,0,1,0,0,0,0,0,0,0,0,1,1,0,0,0,0,0,0,0,0,0,0,0,0,0,0,1,0,0,0,0,0,0,0,0,1,0,0,0,0,4,0,0,0,0,0,0,0,0,0,0,0,0,0,0,0,0,0,0,0,0,0,0,0,0,0,0,0,0,0,0,0,0,1,0,1,2,0,0,0,0,0,0,3,0,2,0,0,0,0,2,0,2,0,1,1,0,0,0,0,1,0,0,0,0,0,0,2,0,0,0,0,1,1,0,0,0,0,0,0,0,0,0,1,1,0,0,0,1,0,0,1,2,0,0,0,0,1,0,2,0,0,0,0,0,0,1,0,1,0,0,0,2,0,0,0,0,0,0,0,0,0,0,0,1,0,0,0,0,0,0,0
459,0,2,0,0,1,3,0,0,0,0,1,5,0,1,1,0,0,1,1,2,0,0,0,0,1,0,2,0,0,0,1,0,0,0,0,1,1,1,0,0,0,0,0,0,1,0,4,0,0,3,0,0,1,0,1,1,2,1,1,0,0,1,1,0,0,1,0,0,0,0,8,0,0,0,11,1,0,0,1,0,2,2,1,1,3,0,0,6,0,0,0,3,2,0,5,1,0,0,0,0,0,2,1,0,0,0,0,0,0,2,3,4,0,0,1,0,0,2,0,0,1,0,0,4,1,0,0,0,0,0,0,1,0,0,0,0,0,0,0,0,0,2,1,0,0,1,0,3,0,0,0,0,1,0,1,1,0,0,6,0,0,0,0,0,0,0,0,1,0,0,0,0,0,0,0,0,1,0,0
461,0,0,1,0,0,0,2,0,0,2,3,0,0,0,0,0,1,0,1,2,0,3,1,1,1,0,0,0,2,0,1,0,1,4,0,0,1,0,0,0,0,0,0,0,1,1,0,0,0,0,0,0,0,1,1,0,1,0,0,0,0,0,0,2,1,2,4,0,1,0,0,2,0,1,3,3,4,0,1,2,0,1,0,3,3,1,1,1,0,1,0,0,0,0,2,0,4,0,0,0,1,2,3,1,0,0,0,2,1,0,0,0,0,2,3,1,0,0,2,0,0,1,0,0,0,0,1,0,0,0,0,0,2,0,0,0,0,0,0,0,0,0,0,0,0,0,0,1,0,0,0,0,0,0,0,0,0,0,3,1,0,0,0,0,0,0,0,0,0,0,0,2,0,0,0,0,3,0,0
468,0,1,0,3,1,7,0,0,0,0,0,1,0,2,0,0,0,0,1,0,2,1,0,0,0,1,0,0,0,0,0,0,0,0,0,0,0,0,0,0,0,0,0,0,0,0,0,8,0,0,0,0,1,0,0,0,2,1,0,0,1,1,0,0,0,2,0,0,0,0,3,0,0,0,0,0,0,1,1,1,1,2,1,0,1,0,2,0,0,0,1,0,3,0,2,3,0,4,0,2,3,0,1,1,3,0,0,0,1,0,0,0,0,2,4,7,0,0,2,2,2,0,0,0,0,0,0,0,1,0,0,0,0,0,0,2,1,0,3,1,2,1,0,1,0,0,1,0,4,0,1,0,1,3,1,2,0,0,0,0,0,2,0,1,0,0,0,2,0,0,0,0,0,0,3,0,0,4,1
470,0,1,0,0,2,4,0,0,0,1,1,1,0,2,0,0,0,0,0,2,1,0,0,0,0,0,0,0,1,0,0,0,0,0,0,0,0,1,0,0,0,1,0,0,1,0,0,1,0,1,0,0,0,0,0,1,0,1,0,0,0,2,0,1,0,6,0,0,1,0,0,0,0,0,5,0,1,2,0,0,4,0,0,0,4,0,0,0,0,0,0,0,0,0,0,0,0,1,0,0,0,2,2,0,0,0,0,0,1,1,4,0,1,1,0,0,0,4,0,0,0,0,0,0,2,0,0,0,0,0,0,1,0,0,0,0,0,0,0,0,0,0,0,0,0,0,0,0,0,0,0,0,0,0,0,1,0,0,7,0,0,0,0,0,0,0,0,0,0,0,0,0,0,0,2,1,0,0,0
471,0,0,0,0,0,0,0,0,0,0,0,0,0,0,0,0,0,0,0,0,1,0,0,0,0,0,0,0,0,0,0,0,0,0,0,0,0,0,0,1,0,0,0,0,1,0,0,0,0,0,1,0,0,0,0,0,0,0,0,0,0,0,0,0,0,0,0,0,0,0,0,0,0,0,0,0,0,0,0,0,0,0,0,0,0,0,0,0,1,0,0,0,0,0,0,0,0,0,1,0,0,0,0,0,0,0,0,0,0,0,0,0,0,0,0,0,0,0,0,0,0,2,3,0,0,0,0,0,0,0,0,0,0,0,0,0,0,0,0,0,0,0,0,0,0,0,0,0,0,0,0,0,0,0,0,0,0,0,0,0,0,0,1,0,0,0,0,0,0,0,0,0,0,0,0,0,0,0,0
473,0,1,0,0,2,1,0,0,0,1,0,0,0,1,0,0,0,0,0,2,4,1,1,0,0,0,0,0,0,0,0,0,1,0,0,1,0,0,0,0,0,1,0,1,0,0,2,0,0,0,0,0,0,0,0,0,0,0,0,2,2,0,0,1,0,0,1,0,0,0,0,2,1,2,0,2,0,0,1,1,0,1,0,0,0,1,0,1,1,0,0,0,0,0,1,0,0,0,0,0,0,0,2,0,0,0,1,2,0,0,0,0,0,0,0,0,0,1,0,0,0,1,1,1,0,0,0,0,0,0,0,0,0,0,0,0,0,0,0,0,0,0,0,0,0,0,0,0,0,0,0,0,0,0,0,0,0,0,0,0,0,0,0,0,0,0,0,0,0,0,0,2,0,0,0,1,0,0,0
477,0,2,0,1,0,2,0,0,2,0,0,2,0,0,0,0,0,3,0,1,1,2,0,1,0,4,0,0,0,0,0,0,2,2,0,0,0,1,0,0,0,0,0,0,0,0,1,6,0,2,0,0,1,2,0,0,0,1,0,0,0,0,0,0,0,1,0,0,2,0,0,1,0,0,0,0,0,3,2,0,1,1,2,2,0,0,1,0,0,0,1,4,0,0,0,3,1,4,5,2,2,0,0,1,5,5,0,1,1,3,0,4,1,6,12,3,2,0,2,0,2,0,0,0,0,1,0,2,3,0,1,1,0,0,0,2,0,0,1,1,1,0,2,0,0,0,0,1,0,2,1,1,4,2,4,2,0,0,0,0,0,0,0,0,0,0,0,3,0,0,2,0,0,0,3,5,0,2,1
478,0,0,0,0,1,5,0,0,0,0,0,1,0,0,0,0,0,0,0,0,0,0,0,0,0,0,0,0,0,0,0,0,0,0,0,0,0,0,0,0,0,0,0,0,1,0,0,0,0,1,0,0,0,0,0,0,0,2,1,0,0,0,1,0,0,0,0,0,0,0,6,1,0,0,1,0,0,0,1,0,5,0,0,0,0,0,3,2,0,0,0,3,1,0,0,2,0,12,0,0,1,0,0,5,0,0,0,0,0,0,1,5,1,0,4,1,0,2,2,7,1,0,0,0,0,0,0,0,0,0,1,0,0,0,0,0,0,1,0,0,1,0,0,0,0,0,0,0,0,0,0,0,3,1,3,1,0,0,0,0,0,0,0,0,0,0,0,0,0,0,0,0,0,2,1,1,0,2,1
479,0,0,0,1,1,0,1,0,4,0,0,2,0,1,0,0,1,0,0,0,1,1,0,0,0,2,0,0,0,1,1,0,0,0,0,0,0,0,0,1,0,1,0,0,0,0,0,2,0,0,0,0,2,0,0,0,0,3,1,0,1,1,0,0,1,0,0,0,0,0,2,0,0,1,3,0,0,4,1,1,3,1,0,1,2,0,1,1,0,1,2,2,6,0,1,3,1,7,1,0,3,2,1,1,1,0,1,0,0,1,3,3,5,2,3,3,0,4,0,4,0,0,0,0,1,0,0,0,0,0,0,0,2,0,0,3,0,0,0,0,0,0,0,0,0,0,1,0,2,0,0,0,2,1,1,4,0,0,6,0,0,0,0,0,1,0,0,1,0,1,1,1,1,0,1,2,0,2,0
481,0,0,0,0,0,0,0,0,0,0,0,0,0,0,0,0,1,1,0,1,0,1,0,0,0,0,0,0,0,0,0,0,0,0,0,0,0,0,0,0,0,0,0,0,0,0,0,0,0,0,0,0,0,0,0,2,0,0,0,0,0,0,0,0,1,0,0,0,3,0,0,0,1,0,0,0,0,0,0,0,0,0,0,0,0,0,0,0,1,0,0,0,0,1,0,0,0,0,0,0,0,0,0,0,0,0,0,0,0,0,0,0,0,0,0,0,0,0,0,0,0,0,4,0,0,0,0,2,0,0,0,0,0,0,0,0,0,0,0,0,0,0,0,0,0,0,0,0,0,0,0,0,0,0,0,0,0,0,0,0,0,0,0,0,0,0,0,0,0,0,0,0,0,0,0,0,0,0,0
482,0,1,1,0,1,0,0,0,0,0,0,1,0,0,1,0,0,0,0,3,0,0,0,0,0,0,1,0,0,0,0,0,0,0,0,0,0,0,0,0,0,2,0,0,0,0,4,0,0,1,0,0,3,1,1,0,0,3,3,0,0,3,0,0,0,1,0,0,1,0,3,0,0,1,3,0,1,1,4,0,1,2,0,0,3,1,0,2,0,0,0,0,0,0,2,0,1,0,3,0,0,2,0,0,0,0,0,1,0,0,4,1,0,1,0,0,0,1,0,0,0,0,0,0,0,0,0,2,0,0,0,0,0,0,0,0,0,0,0,0,0,0,0,0,0,0,0,0,1,0,0,3,0,0,0,0,0,0,5,0,0,0,0,0,0,0,0,0,0,0,0,0,0,0,0,0,1,0,6
484,0,1,0,0,0,1,0,0,1,2,1,1,0,1,0,0,0,2,1,1,0,2,0,0,0,2,0,0,0,1,0,0,0,0,0,0,0,0,0,0,0,1,0,1,0,0,0,1,0,0,0,0,0,0,0,0,5,0,0,1,0,1,0,1,0,3,0,0,0,0,1,0,0,0,0,0,0,1,2,0,0,0,0,0,0,2,0,1,0,0,2,1,2,0,0,1,0,2,0,9,0,2,1,0,0,1,0,0,2,1,0,2,2,2,0,2,0,1,0,1,0,0,0,0,0,3,0,0,1,0,0,0,0,0,0,0,0,0,0,0,1,0,0,0,0,0,0,0,1,0,0,0,1,1,1,0,0,0,5,0,0,0,0,0,0,0,0,0,0,0,0,0,0,1,0,1,0,0,0
487,0,0,0,1,1,0,1,0,0,2,0,0,0,1,1,0,0,0,1,3,2,10,0,0,0,2,0,0,1,2,1,0,2,0,0,0,4,1,0,0,0,0,0,0,1,0,0,1,1,2,0,0,0,1,1,0,1,0,0,0,0,0,0,0,0,8,0,1,1,0,1,1,1,1,3,0,2,2,0,0,0,0,5,0,0,1,0,0,0,0,1,0,1,0,0,0,5,1,1,1,0,2,4,0,0,4,0,5,1,0,0,0,0,0,4,0,0,0,0,2,0,0,0,2,1,0,0,0,1,0,0,0,0,0,0,0,0,0,0,0,0,0,0,0,0,0,0,0,0,0,0,0,0,0,0,0,0,0,3,0,0,0,0,0,0,0,0,0,0,0,0,0,0,1,2,0,2,1,0
490,0,0,0,0,1,3,2,0,1,1,1,0,0,0,0,0,0,0,0,1,1,1,0,0,1,0,0,0,0,0,0,0,0,0,0,0,0,0,1,0,0,0,0,0,0,0,1,2,1,0,0,0,3,0,0,0,2,2,0,0,0,3,0,0,0,3,1,0,1,0,5,0,0,1,5,0,1,2,0,0,3,2,0,1,3,0,2,0,0,0,6,10,3,1,1,3,0,5,3,1,4,1,5,1,4,0,0,1,5,1,3,2,5,2,10,3,2,5,3,1,3,1,0,1,0,2,0,1,1,0,0,0,1,0,0,0,0,0,1,0,1,1,0,0,0,0,0,0,1,0,0,0,0,1,3,2,0,0,2,0,0,0,0,0,0,0,0,0,0,0,0,3,0,1,7,4,0,5,0
491,0,0,0,0,1,1,1,0,0,3,1,0,0,0,0,1,0,0,1,3,0,3,0,0,0,0,0,0,0,0,0,0,1,1,0,0,0,0,0,0,0,0,0,0,0,0,0,2,0,0,0,0,0,1,0,0,5,0,0,0,0,0,1,0,0,3,0,0,2,0,1,0,2,3,3,1,3,3,0,2,2,0,0,1,1,1,0,1,0,0,6,0,0,0,2,0,2,2,2,3,0,1,4,0,0,2,0,1,5,0,1,0,1,4,10,0,0,5,1,1,0,1,0,4,0,0,1,0,0,0,0,1,0,0,0,0,0,0,0,0,0,1,0,1,0,0,1,0,0,0,0,0,0,0,1,0,0,0,4,1,0,0,0,0,0,0,0,0,0,0,0,0,0,0,1,0,1,0,0
492,0,0,1,0,2,2,0,0,0,0,0,0,0,0,0,0,0,1,1,2,1,1,0,1,0,0,0,0,0,0,0,0,2,0,0,0,0,0,0,0,0,0,0,0,1,0,0,1,0,0,0,0,4,0,0,1,1,0,0,0,0,0,0,0,0,4,0,0,2,0,0,1,0,2,1,1,1,2,4,0,1,0,2,1,0,2,0,1,0,0,1,0,0,0,3,6,0,0,0,2,0,0,2,0,0,1,0,3,1,0,0,0,1,9,8,2,1,1,2,0,2,0,0,1,1,0,0,0,2,0,0,0,2,1,0,0,0,0,0,0,0,0,0,0,0,0,0,0,0,0,0,0,2,1,3,0,0,0,0,0,0,0,0,0,0,0,0,0,0,0,1,1,0,0,6,5,1,1,0
495,0,1,0,2,0,8,0,0,0,0,0,0,0,0,0,0,0,2,0,0,0,0,0,0,0,0,0,0,0,1,0,0,0,0,0,0,0,0,0,0,0,0,0,0,0,0,0,1,0,0,0,0,0,0,0,0,1,3,0,0,1,0,0,0,1,2,1,0,0,0,1,0,0,0,0,0,0,3,1,0,0,0,0,0,1,0,3,0,0,0,0,1,0,0,0,2,0,6,1,1,2,0,0,0,2,0,0,0,0,1,1,0,2,1,3,2,0,2,0,5,3,1,0,0,0,0,0,0,2,0,0,0,0,0,0,0,1,0,0,1,0,0,0,0,0,1,0,1,1,0,0,0,0,1,0,0,0,0,1,0,0,0,0,0,0,0,0,0,0,0,0,0,0,0,2,1,0,1,1
496,0,1,1,0,0,1,0,0,1,0,1,0,0,2,0,0,0,0,4,2,1,0,3,0,0,0,0,1,1,1,0,0,0,0,0,0,0,0,0,0,0,0,0,1,0,0,0,0,0,0,0,0,0,0,0,0,2,3,1,1,1,1,0,1,4,2,4,0,0,0,0,0,2,1,3,0,2,0,0,0,2,1,1,0,3,0,1,0,0,1,2,0,0,0,0,2,1,0,0,0,1,2,3,1,0,0,0,2,5,1,2,0,1,2,3,1,0,2,0,1,0,0,0,0,2,0,0,3,0,0,1,0,0,0,1,0,0,0,0,0,0,0,1,0,1,0,0,1,0,0,0,0,0,0,0,0,0,0,2,0,1,0,0,0,0,0,0,0,0,0,0,1,0,0,0,0,0,0,2
497,0,2,0,1,2,0,0,2,1,3,4,0,0,0,1,0,1,2,3,1,5,2,1,1,0,0,0,3,1,2,0,0,6,2,0,2,0,1,0,0,1,0,0,0,0,0,2,0,0,0,0,0,4,0,0,0,2,1,0,0,0,1,0,2,5,4,0,0,4,0,0,2,4,3,2,1,3,2,3,5,0,3,0,1,2,6,2,0,0,0,2,0,0,0,2,0,4,0,2,0,0,1,0,1,0,1,1,5,10,0,4,1,2,1,6,1,1,0,1,1,0,1,0,5,10,2,0,0,0,0,0,0,0,0,0,0,0,0,0,0,0,0,0,0,0,1,0,0,2,1,0,0,0,2,2,1,0,0,2,0,0,0,0,0,0,0,0,1,0,0,0,6,0,1,4,0,0,2,1
499,0,0,0,0,1,1,0,0,0,0,0,0,0,0,0,0,0,6,0,0,0,1,1,0,0,5,0,0,0,0,0,0,0,0,0,0,0,0,0,0,0,0,0,0,0,0,0,0,0,0,0,0,1,1,0,0,0,0,1,0,0,0,0,0,0,1,0,0,0,0,0,0,0,0,1,0,0,0,1,0,1,0,0,0,0,0,0,0,0,0,1,2,0,0,0,2,0,6,0,0,3,0,0,7,1,0,0,0,0,3,0,2,0,0,1,1,2,0,0,2,7,0,0,0,0,0,0,1,3,0,2,0,1,2,1,8,2,2,3,3,3,1,1,1,2,2,0,0,2,6,2,0,1,1,0,1,0,0,2,0,0,1,0,0,0,0,0,1,0,0,1,0,0,0,1,2,0,0,0
500,0,0,0,0,1,1,0,0,1,0,0,0,0,0,0,0,0,0,0,0,0,0,0,0,0,0,0,0,0,0,0,0,0,0,0,0,0,0,0,0,0,1,0,0,0,0,0,7,0,1,0,0,0,0,0,0,1,0,0,0,0,0,0,0,0,2,0,0,0,0,1,0,0,0,0,0,0,1,2,0,0,2,0,0,0,0,1,1,0,0,7,0,1,0,0,0,0,2,1,0,3,2,0,1,1,0,0,0,1,0,0,1,1,1,0,1,0,2,1,1,0,0,0,0,0,0,0,0,0,0,0,0,0,0,0,0,0,0,4,0,0,1,1,0,0,0,1,1,1,0,0,0,1,2,1,1,0,0,1,0,0,0,0,0,0,0,0,0,0,0,0,1,0,0,0,0,0,0,0
501,0,0,1,2,0,1,0,0,0,0,1,0,0,0,0,0,0,0,0,0,0,2,0,0,1,3,0,0,0,2,1,0,1,1,0,1,1,0,1,0,1,0,1,0,2,3,0,6,0,0,0,0,0,0,2,0,1,0,0,0,0,0,0,1,0,1,0,0,0,0,1,0,2,1,1,0,0,1,0,0,0,0,3,1,0,0,1,0,0,1,3,0,3,0,0,2,4,1,0,3,0,0,2,0,0,7,0,3,0,0,0,0,0,1,3,0,0,1,0,0,0,0,0,3,4,1,0,0,1,0,1,0,0,0,1,0,0,0,0,0,0,0,0,0,0,0,0,0,0,0,0,0,0,1,0,0,0,0,0,2,0,0,0,0,0,0,0,0,0,0,1,0,0,0,1,1,0,3,0
502,0,0,1,0,0,0,0,0,0,0,1,0,0,1,0,0,1,0,0,0,2,0,2,1,1,0,0,8,0,1,1,0,1,0,0,0,1,1,0,0,4,0,0,4,0,0,0,0,4,0,0,0,0,0,0,1,0,0,0,0,1,0,0,3,2,0,0,0,2,0,0,2,4,2,0,1,1,0,0,1,0,0,0,0,0,0,0,0,1,2,0,0,0,0,0,0,0,0,0,0,0,0,0,0,0,0,3,1,0,0,0,0,0,0,0,0,0,0,0,0,0,0,0,0,1,0,0,0,0,0,0,0,0,0,0,0,0,0,0,0,0,0,0,0,0,0,0,0,0,0,0,0,0,0,0,0,0,0,1,0,0,0,0,0,0,0,0,0,0,0,0,2,0,0,0,0,0,0,0
504,0,0,1,1,0,0,7,0,0,2,0,0,0,2,0,0,2,0,0,6,3,4,1,0,0,1,2,2,2,0,0,0,1,1,0,0,1,0,1,0,0,0,0,0,0,0,0,0,1,0,0,0,1,0,2,1,1,1,0,0,0,1,1,4,1,5,1,0,1,0,0,1,4,3,4,0,1,2,1,2,0,0,4,0,0,1,0,0,0,0,0,0,0,0,3,1,5,0,4,2,0,1,10,0,0,1,1,3,0,0,0,0,1,1,3,1,0,0,1,1,0,0,0,8,11,0,0,1,0,0,1,0,0,0,0,1,0,0,0,0,0,0,0,0,0,0,0,0,0,0,0,0,1,1,1,0,0,0,3,0,0,1,0,1,0,0,0,0,0,0,1,4,0,1,2,0,2,1,0
505,0,0,0,0,3,3,1,0,2,0,0,0,0,0,0,0,0,3,0,1,2,2,2,0,0,2,0,0,0,0,1,0,0,0,0,0,0,0,0,0,0,0,0,0,0,0,0,4,1,0,0,0,1,1,0,1,0,1,0,0,0,0,0,0,1,2,0,0,0,0,0,0,0,1,1,0,0,2,4,0,2,0,3,1,0,0,3,0,0,1,6,0,0,0,0,2,1,4,0,0,4,3,1,0,0,1,0,2,2,3,3,0,1,3,8,6,4,4,4,1,0,0,0,0,1,1,0,0,0,0,0,0,2,0,0,0,0,0,0,2,1,0,0,0,0,0,0,0,0,1,0,0,0,4,5,1,0,0,1,0,0,1,0,0,0,0,0,0,0,0,1,0,0,0,5,2,1,4,0
508,0,1,0,0,2,0,0,0,0,1,0,0,0,1,1,0,0,1,1,0,3,0,0,0,0,1,1,0,0,0,0,0,0,0,0,0,0,0,0,0,0,0,0,0,0,0,0,2,0,0,0,0,1,0,0,0,2,0,0,0,0,0,0,0,0,0,0,0,0,0,2,0,1,1,0,0,0,0,6,0,0,0,0,0,0,0,0,1,0,0,0,1,1,0,0,2,0,6,0,0,2,0,1,0,1,0,0,0,0,3,1,0,0,0,0,3,0,0,0,1,0,0,0,0,0,2,0,0,0,0,0,0,1,0,0,0,0,0,0,1,0,2,0,0,0,0,0,1,1,1,0,0,1,0,0,1,0,0,1,0,0,0,0,0,0,0,0,0,0,0,0,0,0,0,0,0,0,0,2
509,0,2,1,0,5,0,0,0,0,1,1,2,0,3,1,0,0,0,6,0,1,0,0,0,0,1,1,0,0,0,0,0,0,0,1,0,0,0,1,0,0,2,0,0,0,0,6,0,3,0,0,0,2,0,0,1,0,1,2,0,0,1,0,0,0,4,0,0,0,0,2,0,0,0,6,0,1,1,1,0,1,2,0,0,5,0,0,1,0,0,2,0,1,0,0,1,0,1,1,0,0,4,0,0,0,0,0,0,0,0,3,3,0,0,2,0,0,1,0,2,0,0,0,1,0,0,0,0,0,0,0,0,0,0,0,0,0,0,0,0,0,1,0,2,0,0,0,0,0,1,0,0,0,0,0,0,0,0,4,0,0,0,0,0,0,0,0,0,0,0,0,2,0,2,0,0,0,0,0
514,0,0,0,0,2,1,0,0,0,1,0,3,0,2,0,0,0,1,0,0,1,0,0,0,2,1,1,0,0,0,0,0,0,0,1,0,0,0,0,0,0,1,0,1,6,0,2,2,0,5,0,0,3,0,0,0,1,0,2,0,0,1,0,0,0,2,0,0,1,0,11,0,0,0,0,0,1,2,2,0,2,5,0,0,4,0,3,1,0,0,1,0,2,0,4,3,0,1,0,0,0,0,0,2,2,0,0,0,1,2,5,10,0,3,1,1,3,5,1,0,9,0,0,0,0,2,0,0,0,0,0,0,0,0,0,1,0,1,1,0,0,1,0,1,0,1,1,6,1,0,0,0,1,0,3,0,0,0,1,1,0,0,0,0,2,0,0,1,0,3,0,0,0,0,3,1,0,0,5
515,0,0,0,0,0,2,0,0,1,0,0,0,0,1,0,0,0,1,0,0,0,0,0,0,2,0,0,0,0,0,0,0,0,0,1,0,0,0,0,0,0,0,0,0,0,0,0,2,0,0,0,0,0,0,0,0,0,2,0,1,0,1,0,0,0,1,0,0,1,0,0,0,0,0,1,0,0,4,0,0,0,1,0,0,0,1,0,2,0,0,3,2,4,0,0,4,0,6,2,0,3,0,0,1,3,0,0,0,0,0,2,1,1,1,5,0,0,2,2,1,1,0,0,0,0,0,0,0,0,0,0,0,0,0,0,1,0,0,0,0,0,1,0,1,0,0,0,0,1,0,0,0,0,1,0,0,0,0,2,0,0,0,0,0,0,0,0,0,0,0,0,0,0,0,0,1,0,2,0
517,0,1,0,1,0,2,0,0,1,1,2,3,0,0,0,0,0,1,1,0,1,0,2,0,1,3,0,0,0,2,0,0,0,0,0,0,0,0,0,0,0,2,0,0,0,0,0,1,0,0,0,0,0,0,0,1,6,0,1,0,0,1,0,0,2,4,0,0,0,0,0,1,0,1,1,2,0,7,5,1,2,0,7,0,0,0,1,0,0,0,7,0,0,0,1,1,2,2,3,7,0,0,1,0,0,2,0,2,1,0,2,0,0,2,0,1,0,4,2,2,0,0,0,2,1,3,0,1,1,0,1,1,1,0,0,0,0,0,0,0,0,0,0,0,0,0,0,0,0,0,0,0,0,0,0,0,0,0,2,0,0,0,0,0,0,0,0,1,0,1,0,2,0,0,3,2,2,0,1
519,0,1,0,1,5,0,1,0,1,1,2,2,0,2,2,0,0,0,2,1,2,1,2,0,1,1,1,0,0,1,1,0,5,1,0,0,0,0,0,0,1,0,3,0,0,0,2,0,2,0,0,0,0,1,0,2,8,2,1,4,4,1,0,0,2,7,0,0,0,0,1,1,2,0,3,0,3,4,5,0,4,2,5,0,0,0,1,0,0,0,10,2,4,0,0,0,2,7,15,11,2,1,3,4,1,4,0,3,7,1,3,1,1,0,5,1,4,13,2,0,3,1,0,1,4,0,0,1,0,0,2,1,1,3,3,1,0,1,0,1,0,1,2,0,0,0,0,0,2,0,0,0,0,2,3,2,0,0,4,0,2,0,0,1,0,0,0,0,0,0,0,1,0,4,1,1,4,0,0
520,0,0,0,1,1,1,0,0,0,0,0,0,0,0,0,0,0,1,0,0,0,0,0,0,0,0,0,0,0,0,1,0,0,0,0,0,0,0,0,0,1,1,0,0,0,0,0,2,0,0,0,0,0,1,0,0,1,0,0,0,0,1,0,0,1,0,0,0,0,0,2,0,0,0,0,0,0,1,1,1,0,0,1,0,0,0,2,0,0,0,3,1,2,0,0,0,0,3,0,1,0,0,1,1,1,3,0,1,1,0,2,2,0,2,2,2,0,1,2,3,1,0,0,0,0,0,0,0,0,0,1,1,1,0,1,0,0,0,0,0,0,0,1,0,1,0,3,1,1,1,0,0,0,0,2,1,1,0,4,0,0,0,0,0,0,0,0,0,0,1,1,0,0,0,1,1,0,0,0
522,0,0,0,0,0,1,0,0,1,0,0,0,0,0,0,0,0,0,0,0,0,1,0,0,0,0,0,0,0,0,0,0,0,0,0,0,0,0,0,0,0,0,0,0,0,0,1,3,0,0,0,0,0,0,0,0,1,0,0,0,0,0,1,0,0,1,0,0,0,0,0,0,0,0,0,0,0,0,0,0,0,0,0,0,0,3,0,0,0,0,1,0,1,0,0,0,0,2,0,2,0,1,0,2,1,4,0,0,0,0,0,2,0,1,0,0,1,2,0,0,0,0,0,1,0,0,0,0,0,0,0,0,0,0,1,0,0,0,0,0,0,1,0,0,0,1,0,0,1,0,0,0,0,2,1,0,0,0,4,1,0,0,0,0,0,0,0,0,0,0,0,0,0,0,3,0,0,1,0
523,0,3,0,0,3,0,0,0,2,1,0,1,0,3,0,0,0,1,1,0,4,0,2,0,1,2,0,0,0,0,1,0,0,0,0,0,0,0,2,0,0,2,0,0,1,0,3,2,0,0,0,0,2,0,0,0,2,1,1,0,0,1,0,0,1,3,0,0,0,0,2,0,0,0,4,0,0,6,4,1,2,0,1,1,4,1,0,0,0,0,0,2,0,0,0,0,0,2,6,1,1,2,6,3,1,0,0,0,4,0,0,1,3,5,14,1,0,0,0,0,3,0,0,0,0,0,0,1,0,1,2,0,1,0,0,2,1,0,2,3,1,1,0,1,0,0,0,0,1,1,1,0,3,0,4,1,0,0,0,0,0,0,0,0,0,0,0,1,0,0,0,0,0,0,1,1,1,0,1
524,0,0,0,1,1,0,0,0,1,1,4,0,0,2,0,0,0,4,0,0,0,0,0,0,1,2,0,0,0,0,0,0,0,1,0,0,0,0,0,0,0,0,0,0,0,0,1,1,1,0,0,0,0,0,0,1,0,0,0,0,0,0,0,0,0,4,0,0,1,0,0,0,0,0,0,0,0,1,0,1,2,1,0,1,0,0,0,0,0,0,3,7,2,0,4,0,0,5,0,2,0,0,1,0,1,3,0,0,1,1,2,0,5,0,6,7,0,0,3,2,0,0,0,0,1,1,0,0,0,0,1,0,1,0,0,1,0,0,0,0,1,1,0,0,2,0,0,0,1,0,1,0,1,1,0,1,0,0,2,0,0,1,0,1,0,0,0,0,0,0,0,1,0,1,3,2,0,1,2
529,0,0,0,0,1,2,0,0,1,0,1,0,0,1,0,0,0,4,0,0,0,0,0,0,0,2,1,0,0,0,0,0,0,1,1,0,0,0,0,0,0,0,0,0,0,1,0,6,0,0,0,0,0,0,0,0,0,0,0,0,0,0,0,0,0,0,0,0,0,0,0,0,0,0,0,0,0,0,0,0,1,0,0,0,0,0,2,0,0,0,0,7,0,0,0,1,1,1,0,0,1,1,0,2,2,0,0,0,1,0,1,0,0,3,4,3,2,0,4,0,6,0,0,0,0,0,0,0,2,1,2,0,2,0,0,1,0,0,0,0,0,0,0,0,0,0,0,0,0,1,0,0,3,1,1,1,0,0,0,0,0,0,0,0,1,0,0,0,0,0,0,0,0,1,3,1,0,0,0
530,0,0,0,0,0,3,0,0,0,0,0,0,0,0,1,0,0,2,0,0,0,0,0,0,4,1,3,0,0,0,0,0,1,0,0,0,0,0,1,0,0,0,0,0,0,0,1,1,0,0,0,0,0,1,0,1,0,0,0,0,0,0,0,0,0,0,0,0,0,0,6,0,0,0,0,0,1,0,1,0,2,0,0,0,1,0,1,1,0,0,1,0,3,0,0,0,0,8,0,1,2,1,0,1,0,0,0,1,0,2,0,4,0,2,2,1,2,0,1,3,3,0,0,0,1,0,0,0,0,0,1,0,0,0,0,0,2,0,1,0,0,2,0,0,0,0,0,2,2,0,0,0,0,1,0,2,0,0,2,0,0,0,0,0,1,0,0,0,0,0,1,0,0,0,3,2,0,1,0
532,0,0,1,0,1,0,0,0,0,0,0,0,0,0,0,0,0,0,0,0,0,0,2,0,0,0,0,2,1,1,0,0,0,0,0,0,0,0,0,0,0,0,0,0,1,1,2,0,0,0,0,0,0,0,0,0,0,0,0,2,0,0,0,0,1,1,0,0,3,0,1,3,2,2,1,0,0,0,0,1,0,0,0,0,0,0,0,0,0,0,0,0,0,2,0,0,0,0,0,0,0,0,1,0,0,0,0,1,0,0,0,0,0,0,1,0,0,0,0,0,0,2,0,0,0,0,0,0,0,0,0,0,0,0,0,0,0,0,0,0,0,0,0,0,0,0,0,0,0,0,0,0,0,0,0,0,0,0,0,0,0,0,0,0,0,0,0,0,0,0,0,3,1,0,0,0,1,0,0
539,1,0,0,0,0,0,0,0,0,0,0,0,1,0,0,2,0,0,0,0,0,0,1,0,0,0,0,0,0,0,1,0,0,0,0,0,0,0,0,0,0,0,0,0,0,0,0,0,0,0,0,0,0,0,0,0,0,0,0,0,0,0,0,0,1,1,0,0,0,0,1,0,0,0,0,0,0,0,0,0,0,0,0,0,0,0,0,0,0,0,0,0,0,0,0,0,0,0,0,0,0,0,0,0,0,0,0,0,1,0,0,0,0,0,0,0,0,0,0,0,0,1,0,0,0,0,0,0,0,0,0,0,0,0,0,0,0,0,0,0,0,0,0,0,0,0,0,0,0,0,0,0,0,0,0,0,0,0,0,0,0,0,0,0,0,0,0,0,0,0,0,0,0,0,0,0,0,0,0
545,0,0,0,1,1,0,0,0,0,0,0,0,0,1,0,0,0,0,0,0,1,4,0,0,0,1,0,0,0,1,0,0,0,0,1,0,0,1,0,0,0,0,0,0,2,0,0,1,0,0,0,0,0,0,1,0,1,1,1,2,0,0,0,2,0,5,1,0,0,0,1,0,0,3,9,0,0,0,4,2,0,0,1,0,3,0,1,0,0,0,0,0,0,0,0,0,2,3,2,2,0,2,3,0,0,2,0,7,1,0,0,1,0,1,4,0,0,1,2,0,0,1,0,4,0,0,0,0,0,0,0,1,1,0,0,0,0,0,0,0,0,0,0,0,0,0,0,0,0,0,1,0,1,0,1,0,0,0,3,0,0,0,0,0,0,0,0,0,0,0,0,0,0,0,0,1,2,0,0
2003,0,0,1,1,1,0,0,0,0,1,1,0,0,0,0,0,1,0,0,0,6,1,0,0,0,0,0,0,0,1,0,0,2,0,0,0,0,1,1,0,0,0,1,0,1,0,0,4,0,0,0,0,0,0,0,0,0,0,0,0,0,0,0,0,0,3,1,0,0,0,0,2,2,4,3,0,0,0,0,0,0,0,1,0,1,5,0,1,0,0,0,0,0,0,0,1,5,0,2,0,0,1,8,0,0,0,0,5,1,0,0,0,3,0,0,0,0,1,1,0,0,0,0,1,1,0,0,0,0,0,1,0,1,0,0,1,0,0,0,0,0,0,0,0,0,0,0,1,0,0,0,0,1,0,0,0,0,0,1,1,0,0,0,0,0,0,0,0,0,0,0,1,0,1,0,0,3,1,0
2006,0,0,0,0,0,2,0,0,1,0,0,0,0,0,0,0,0,3,0,0,0,0,0,0,0,0,0,0,0,0,0,0,0,0,0,0,0,0,0,0,0,0,0,0,0,0,0,0,0,0,0,0,0,0,0,0,0,0,0,0,0,0,0,0,0,0,0,0,0,0,0,0,0,0,0,0,0,0,0,0,0,0,0,0,0,0,0,0,0,0,0,1,0,0,0,1,0,0,0,0,0,0,0,10,0,0,0,0,1,0,0,4,2,0,0,2,1,0,0,0,2,0,0,0,0,26,0,0,0,0,1,2,3,1,0,3,11,3,4,1,11,0,1,0,2,2,0,1,3,0,0,0,1,2,0,0,1,0,0,0,0,3,0,0,1,0,1,3,0,1,0,0,0,0,0,0,0,0,0
2009,0,0,0,0,0,0,0,0,0,0,1,0,0,0,2,0,0,0,0,0,0,0,0,1,0,0,0,1,1,1,4,0,0,0,3,2,0,1,1,4,0,0,0,2,1,0,0,0,3,0,0,0,0,0,1,0,0,0,0,0,0,0,0,1,2,0,0,0,0,0,0,1,0,1,0,1,0,0,1,0,0,0,0,0,0,1,0,0,0,0,0,0,0,0,0,0,0,0,0,0,0,0,0,0,0,0,0,0,0,0,0,0,0,0,0,0,0,0,0,0,0,0,0,0,0,0,0,0,0,0,0,0,0,0,0,0,0,0,0,0,0,0,0,0,0,0,0,0,0,0,0,0,0,0,1,0,0,0,0,0,0,0,0,0,0,0,0,0,0,0,0,1,0,0,0,0,0,0,0
2010,0,0,0,0,1,0,0,0,0,0,0,0,0,0,0,0,0,0,1,0,0,0,1,0,0,0,0,0,1,0,2,0,0,2,1,0,0,0,0,0,0,1,1,1,0,0,1,0,1,0,0,0,2,1,1,0,1,0,0,0,0,0,0,0,5,0,1,0,1,0,0,1,2,3,1,0,0,0,0,0,1,0,0,0,0,0,0,0,0,0,0,0,0,1,0,0,0,0,1,0,0,1,1,0,0,0,1,1,0,1,1,1,0,1,0,0,0,0,0,0,0,0,1,0,1,0,0,1,0,0,0,0,0,0,1,0,0,0,0,0,0,0,0,0,0,0,0,0,0,0,0,0,0,0,1,0,0,0,1,0,0,0,0,0,0,0,0,0,0,0,0,0,0,0,0,0,0,0,0
2023,0,0,0,0,0,3,0,0,0,1,0,0,0,0,0,0,0,0,0,0,0,0,0,0,0,0,0,0,0,0,0,0,0,0,0,0,0,0,0,0,0,0,0,0,0,0,0,2,0,0,0,0,0,0,0,0,1,0,0,0,0,1,0,0,0,2,0,0,0,0,1,0,0,0,0,0,0,0,1,0,1,0,0,0,1,0,3,0,0,0,0,0,1,0,0,0,0,1,0,1,0,1,0,1,1,0,0,0,1,0,0,0,0,2,2,2,0,1,0,2,0,0,0,0,0,0,0,0,1,0,0,0,0,0,1,0,1,0,0,0,0,1,1,0,0,0,0,0,0,0,0,1,0,3,4,0,0,0,1,0,0,0,0,0,0,0,0,0,0,1,0,0,0,0,0,1,0,1,0
3119,0,0,0,0,0,0,0,0,0,0,0,0,0,0,0,0,0,0,0,0,0,0,1,0,0,0,0,0,0,0,0,0,0,0,0,0,0,0,0,0,0,0,0,0,0,0,0,0,0,0,0,0,0,0,0,0,0,0,0,0,0,0,0,0,0,0,0,0,0,0,0,0,0,0,0,0,0,0,0,0,0,0,0,0,0,0,0,0,0,0,0,0,0,0,0,0,0,0,0,0,0,0,0,0,0,0,0,0,0,0,0,0,0,0,0,0,0,0,0,0,0,0,1,0,0,0,0,0,0,0,0,0,1,0,0,0,0,0,0,0,0,0,0,0,0,0,0,0,0,0,0,0,0,0,0,0,0,0,0,0,0,0,0,0,0,0,0,0,0,0,0,0,0,0,0,0,0,0,0
3132,0,0,0,1,0,1,0,0,0,0,0,0,0,0,0,0,0,0,0,0,0,1,0,0,0,0,0,0,0,0,0,0,0,0,0,0,0,0,0,0,0,0,0,0,0,0,0,2,0,0,0,0,0,0,0,0,1,0,0,0,0,0,0,0,0,0,0,0,0,0,0,0,0,0,0,0,0,0,0,1,2,0,0,0,0,1,0,0,0,0,0,0,0,0,0,1,0,0,0,1,0,1,1,4,1,4,0,0,0,0,0,0,0,0,2,1,1,1,0,3,0,0,0,0,0,2,0,0,0,0,2,0,3,1,0,2,0,0,0,1,0,0,0,0,0,2,0,1,1,0,0,0,1,0,0,0,1,0,0,0,0,0,0,0,0,0,0,0,0,0,0,0,0,0,0,4,1,0,0
3140,0,0,0,2,0,1,0,0,0,0,1,0,1,0,0,0,0,0,0,0,0,0,0,0,0,1,0,0,0,0,0,0,0,0,0,0,0,0,0,0,0,0,0,0,0,0,0,4,0,0,0,0,0,0,0,1,1,0,0,0,0,0,0,0,0,1,0,0,0,0,0,0,0,0,0,0,0,0,0,0,2,0,0,1,0,0,0,0,0,0,1,0,0,0,0,0,0,0,0,0,0,0,0,0,0,2,0,0,0,0,0,0,0,1,0,0,0,0,0,0,0,0,0,0,0,1,0,0,1,0,0,10,5,1,1,1,0,0,0,0,2,0,0,0,0,0,0,0,0,0,0,0,4,0,0,0,1,0,0,1,0,0,0,1,0,0,0,0,0,0,2,0,0,0,1,0,1,0,0
3141,0,0,0,4,0,0,1,0,1,0,3,0,0,1,0,0,0,3,0,0,0,0,0,0,0,1,0,0,0,2,0,0,0,0,0,0,0,0,0,0,0,0,0,0,0,0,0,3,0,0,0,0,0,0,0,1,0,0,0,0,0,0,0,0,0,1,1,0,2,0,0,1,0,0,0,0,2,0,0,2,0,0,0,1,0,1,0,0,0,0,0,1,2,0,1,0,0,2,1,3,0,0,0,3,0,1,0,1,0,0,1,0,0,0,4,0,1,2,0,2,0,0,0,0,0,0,0,0,1,0,4,5,0,2,3,0,0,0,2,1,1,1,1,0,0,0,2,1,0,0,0,0,2,2,0,2,0,0,0,7,3,0,0,1,0,0,0,1,0,0,4,0,0,0,0,2,0,0,0
3148,0,0,0,0,0,0,0,0,0,0,0,0,0,0,0,0,0,0,0,0,0,0,0,0,0,0,0,0,0,0,0,0,0,0,0,0,0,0,0,0,0,0,0,0,0,0,0,0,0,0,0,0,0,0,0,0,0,0,0,1,0,0,0,0,1,1,0,0,0,0,0,0,0,0,0,0,0,1,0,0,0,0,0,2,0,0,0,0,0,0,0,0,0,0,0,1,0,0,0,0,0,0,0,0,0,0,0,0,0,0,0,0,0,0,0,0,0,1,0,0,0,0,0,0,0,0,0,0,0,0,2,3,1,2,2,1,0,0,0,0,0,0,0,0,0,0,0,0,0,0,0,0,1,1,0,0,1,0,0,1,0,0,0,0,0,0,0,1,0,0,1,0,0,0,0,0,0,0,0
3151,0,0,0,0,0,0,0,0,0,0,0,0,0,1,0,0,0,1,0,0,0,1,0,0,0,1,0,0,0,0,0,0,0,0,0,0,0,0,0,0,0,0,0,0,0,1,0,1,0,0,0,0,0,0,0,0,0,0,0,0,0,0,0,0,0,1,0,0,0,0,0,0,0,0,0,0,0,0,0,0,0,0,3,1,0,0,0,0,0,0,0,0,0,0,0,1,0,0,0,1,0,0,0,0,0,0,0,0,0,0,0,0,0,0,2,0,0,0,0,0,0,0,0,0,0,1,0,0,1,0,1,1,4,2,2,0,0,0,0,0,0,0,0,0,0,0,0,0,0,0,0,0,4,0,0,0,1,0,0,0,0,0,0,1,0,0,0,1,0,0,1,0,0,0,0,0,0,0,0
3158,0,0,0,0,0,1,0,0,1,0,1,0,0,0,0,0,0,3,2,0,0,0,0,0,0,3,0,0,0,0,0,0,0,0,0,0,0,0,0,0,0,0,0,0,0,0,0,3,0,0,0,0,0,0,0,0,0,0,0,0,0,0,0,0,0,1,0,0,0,0,0,0,0,0,1,0,0,0,1,0,0,0,0,1,0,0,1,0,0,0,0,0,4,0,0,2,0,2,0,0,1,0,1,6,1,0,0,1,1,3,0,4,3,0,0,2,3,4,0,3,2,0,0,0,1,0,0,0,1,0,1,0,0,1,0,3,1,1,1,1,2,1,3,0,0,2,1,0,4,4,1,0,0,0,2,0,0,0,2,0,0,2,0,0,0,0,2,0,0,0,0,1,0,0,1,0,0,0,0
3160,0,0,0,0,0,0,0,0,0,0,0,0,0,0,0,0,0,3,0,0,0,0,0,0,0,0,0,0,0,0,0,0,0,0,0,0,0,0,0,0,0,0,0,0,0,0,0,1,0,0,0,0,0,0,0,0,0,0,0,0,0,1,0,0,0,0,0,0,0,0,0,0,0,0,0,0,0,0,0,0,0,0,0,0,3,0,1,0,0,0,0,0,0,0,0,0,0,0,0,0,0,0,0,7,2,0,0,0,1,0,0,1,0,0,2,5,0,1,0,0,0,0,0,0,0,9,0,0,0,0,0,0,1,0,0,2,3,0,2,0,2,0,1,0,1,2,0,0,0,1,0,0,0,2,0,0,0,0,0,0,1,0,0,0,0,0,0,1,0,0,0,0,0,0,1,0,0,0,2
3161,0,0,0,0,0,0,0,0,0,0,0,0,0,0,0,0,0,4,0,0,0,1,0,0,0,1,0,0,0,0,0,0,0,0,0,0,0,0,0,0,0,0,0,0,0,0,0,0,0,0,0,0,0,0,0,0,0,0,0,0,0,0,0,0,0,3,0,0,0,0,0,0,0,0,0,0,0,0,0,0,0,0,0,0,0,0,1,0,0,0,0,0,0,0,0,0,0,0,0,0,1,0,0,2,1,0,0,0,0,0,0,0,0,0,3,3,0,0,1,0,0,0,0,0,0,2,0,0,1,0,1,0,0,0,0,5,1,4,1,2,0,0,0,0,1,0,0,0,0,2,0,1,1,1,0,0,0,0,1,0,0,0,0,0,0,0,0,0,0,0,0,0,0,0,1,1,0,1,0
3163,0,0,0,4,0,1,0,0,2,0,0,0,0,0,0,0,0,4,0,0,0,0,0,0,0,1,0,0,0,0,0,0,0,0,0,0,0,0,0,0,0,0,0,0,0,0,0,4,0,0,0,0,0,0,0,0,0,0,0,0,0,0,0,0,1,1,0,0,0,0,0,0,0,0,0,0,0,1,1,0,0,0,0,0,0,0,1,0,0,0,0,0,0,0,0,1,0,2,0,0,0,0,0,0,1,0,0,0,0,0,0,1,0,0,1,1,1,0,1,0,0,0,0,0,0,5,0,0,2,0,1,1,0,1,0,0,4,0,5,0,10,0,3,1,1,0,0,0,0,2,0,0,1,1,1,0,1,0,0,0,0,5,0,0,0,0,2,1,0,0,1,0,0,0,0,0,0,0,0
3164,0,0,0,0,0,3,0,0,0,0,0,0,0,1,0,0,0,6,0,1,0,0,0,0,0,1,0,0,0,1,0,0,0,0,0,0,0,0,0,0,0,0,0,0,0,0,0,4,0,0,0,0,0,0,0,0,0,0,0,0,0,0,0,0,0,0,0,0,0,0,2,0,0,0,0,0,1,0,0,0,1,0,0,0,0,0,4,1,0,0,0,0,6,0,0,1,0,3,0,0,0,1,1,2,1,0,0,0,1,0,1,2,0,1,0,2,0,4,2,3,0,0,0,0,0,1,0,0,1,0,1,1,3,0,0,5,0,1,0,0,2,3,1,1,0,0,0,0,0,1,1,1,1,2,0,0,1,0,0,2,0,0,0,1,1,0,1,1,0,0,0,0,0,0,2,2,1,0,0
3165,0,0,0,0,0,2,0,0,0,0,0,0,0,1,0,0,0,8,0,0,0,0,0,0,0,2,0,0,0,0,0,0,0,0,0,0,0,0,0,0,0,0,0,0,0,0,0,2,0,0,0,0,0,0,0,0,0,0,0,0,0,0,0,0,0,0,0,0,0,0,2,0,0,0,0,0,0,0,0,0,0,0,0,0,0,0,2,0,0,0,0,0,0,0,0,0,0,0,0,0,0,0,1,2,2,0,0,0,1,2,0,0,0,0,0,1,2,0,1,1,1,0,0,0,0,7,0,0,0,0,0,2,0,0,0,1,1,0,1,2,7,0,1,0,2,1,1,0,1,0,0,0,0,1,0,0,0,0,0,0,0,4,0,0,0,0,2,3,0,0,0,0,0,0,2,0,0,0,0
3166,0,1,0,1,0,0,0,0,0,0,0,0,0,1,0,0,0,0,0,0,0,0,0,0,0,1,1,0,0,0,0,0,0,0,0,0,0,0,0,0,0,0,0,0,0,0,1,1,0,0,0,0,0,0,0,0,0,0,0,0,0,0,0,0,0,0,0,0,0,0,5,0,0,0,0,0,0,1,0,0,0,0,0,0,11,1,0,0,0,0,0,0,0,0,0,1,0,2,1,0,0,0,0,2,0,0,0,0,0,1,0,1,0,0,1,0,1,0,0,0,1,0,0,0,0,0,0,0,0,0,0,0,0,2,0,0,0,0,1,4,0,6,0,1,0,1,0,0,0,0,1,1,1,0,0,1,0,0,1,0,0,0,0,0,3,0,0,0,0,0,0,0,0,1,0,1,0,0,1
3168,0,0,0,0,1,0,0,0,0,0,0,0,0,0,0,0,0,6,0,0,0,0,0,0,0,0,0,0,0,0,0,0,0,0,0,0,0,0,0,0,0,0,0,0,0,0,0,1,0,0,0,0,0,0,0,0,0,0,0,0,0,0,0,1,0,0,0,0,0,0,1,0,0,0,0,0,0,0,0,0,0,0,0,0,0,0,0,0,0,0,1,0,1,0,0,2,0,1,0,1,0,0,0,2,0,0,0,0,0,0,0,2,0,0,0,2,0,0,0,0,0,0,1,0,0,6,0,0,1,0,0,0,3,0,0,0,2,1,0,0,6,0,3,0,2,1,0,0,0,0,2,0,0,0,0,0,0,0,0,0,0,2,0,1,0,0,1,1,0,0,0,0,0,0,1,0,0,0,0
3169,0,0,0,0,0,0,0,0,0,0,0,0,0,1,0,0,0,0,0,0,0,0,0,0,0,0,0,0,0,0,0,0,0,0,0,0,0,0,0,0,0,1,0,0,0,0,1,0,0,0,0,0,0,0,0,0,0,0,0,0,0,0,0,0,0,0,0,0,0,0,2,0,0,0,1,0,0,1,1,0,0,0,0,0,2,0,0,0,0,1,0,0,0,0,0,0,0,0,1,0,0,1,1,1,0,0,0,0,1,0,0,0,0,0,0,1,0,0,0,0,1,0,0,0,0,0,0,0,0,0,0,0,0,0,0,0,0,0,0,1,0,3,1,5,0,0,0,0,1,0,0,1,0,0,0,0,0,0,0,0,0,0,0,3,0,0,0,0,0,0,0,0,0,0,0,1,0,0,2
3170,0,0,0,0,1,0,0,0,0,0,0,0,0,0,0,0,0,1,0,0,0,0,0,0,0,0,0,0,0,0,0,0,0,0,0,0,0,0,0,0,0,0,0,0,0,0,0,0,0,0,0,0,0,0,0,0,1,0,1,0,0,0,0,0,0,1,0,0,0,0,0,0,0,0,1,0,0,1,1,0,0,0,0,0,0,0,0,0,0,0,1,0,3,0,0,0,0,0,0,0,0,0,0,2,0,0,0,0,0,0,0,0,0,0,0,1,0,0,0,1,1,0,0,0,0,2,0,0,1,0,0,0,0,0,0,5,0,1,1,8,0,0,5,1,3,0,4,0,1,1,3,0,0,1,1,0,0,0,0,0,0,0,0,0,0,0,0,0,0,0,1,0,0,0,5,0,0,1,0
3171,0,0,0,0,0,1,0,0,0,0,0,0,0,0,1,0,0,2,0,0,0,0,0,0,0,0,0,0,0,0,0,0,0,0,0,0,0,1,0,0,0,0,0,0,0,0,0,1,0,2,0,0,0,0,0,0,0,0,1,0,0,0,0,0,0,1,0,0,0,0,0,0,0,0,0,0,0,0,1,0,0,0,0,0,0,0,0,0,0,0,0,0,1,0,0,0,0,0,0,0,0,0,0,1,1,0,0,0,0,0,1,0,0,0,2,0,0,0,0,0,0,0,0,0,0,1,0,0,1,0,1,0,0,0,0,2,1,0,1,4,1,0,1,1,1,5,1,0,0,0,3,0,0,3,0,1,0,0,0,0,0,1,0,1,2,0,0,0,0,0,0,0,0,0,1,0,0,2,0
3172,0,2,0,0,0,0,0,0,1,1,0,1,0,0,0,0,0,3,1,0,0,0,0,0,0,1,1,0,0,0,0,0,0,0,0,0,0,0,0,0,0,0,0,0,0,0,0,1,0,0,0,0,1,0,0,0,0,0,0,0,0,0,0,0,0,0,0,0,0,0,1,0,0,0,0,0,0,0,0,0,1,0,0,1,0,0,2,1,0,0,0,0,2,0,0,1,0,1,0,0,1,0,0,1,0,0,0,0,0,0,0,0,0,0,0,2,0,0,0,0,0,0,0,0,0,1,0,0,1,0,0,0,1,0,0,1,1,0,0,10,0,0,1,0,1,1,3,1,1,0,0,0,0,0,1,0,0,0,0,0,0,0,0,0,0,0,0,2,0,0,0,0,0,0,1,2,0,0,0
3173,0,1,0,0,0,2,0,0,0,0,0,0,0,0,0,0,0,2,0,0,1,0,0,0,0,1,0,0,0,0,0,0,0,0,0,0,0,0,0,0,0,0,0,0,0,0,1,0,0,0,0,0,0,0,0,0,0,0,0,0,0,1,0,0,0,0,0,0,1,0,1,0,0,0,0,0,0,0,0,0,1,1,0,1,4,0,0,0,0,0,0,0,0,0,0,1,0,1,0,0,0,1,0,3,1,0,0,0,0,1,0,1,0,0,0,0,0,1,0,0,1,0,0,0,0,1,0,0,1,0,0,0,0,0,0,2,0,0,0,0,0,1,0,0,0,0,1,7,6,2,0,0,0,2,0,2,0,0,1,0,0,0,0,0,0,0,0,0,0,0,0,0,0,0,0,2,0,0,0
3175,0,1,0,0,0,1,0,0,0,0,0,0,0,0,0,0,0,3,0,0,0,0,0,0,1,0,0,0,0,0,0,0,0,0,0,0,0,0,0,0,0,0,0,0,0,0,0,0,0,1,0,0,0,0,0,0,0,0,0,0,0,0,0,0,0,0,0,0,0,0,3,0,0,0,0,0,0,0,3,0,1,0,0,1,0,0,4,0,0,0,0,0,3,0,0,0,0,1,0,0,1,0,0,2,2,0,0,0,0,0,0,0,2,0,1,3,0,0,0,1,0,0,0,0,0,1,0,0,0,0,0,0,0,0,0,4,0,0,0,4,2,0,0,0,3,1,0,14,5,7,0,0,1,1,0,0,0,0,0,0,1,0,0,0,1,0,0,0,0,1,0,0,0,0,0,0,1,0,1
3176,0,0,0,1,0,1,0,0,0,0,0,0,0,0,0,0,0,1,0,0,0,0,0,0,0,1,0,0,0,0,0,0,0,0,0,0,0,0,0,0,0,0,0,0,0,0,0,0,0,1,0,0,0,0,0,0,0,0,0,0,0,0,0,0,0,0,0,0,0,0,1,0,0,0,0,0,0,0,0,0,1,0,0,0,0,0,1,0,0,0,0,0,1,0,0,1,0,0,1,0,0,0,0,4,2,0,0,0,0,0,0,1,0,1,0,0,0,0,0,2,0,0,0,0,0,0,0,0,0,0,0,0,0,0,1,1,0,0,0,3,0,0,0,1,0,1,0,1,8,1,0,0,0,2,0,0,0,0,2,0,0,0,0,0,0,0,0,0,0,1,0,0,0,0,0,0,0,1,0
3177,0,0,0,0,0,1,0,0,0,0,0,0,0,0,0,0,0,1,0,0,0,0,0,0,1,1,0,0,0,0,1,0,0,0,0,0,0,0,0,0,0,0,0,0,0,0,1,2,0,0,0,0,0,0,0,0,1,0,0,0,0,0,0,0,0,0,0,0,0,0,1,0,0,0,1,0,0,1,0,0,1,0,0,0,0,0,1,0,0,0,0,0,0,0,0,0,0,2,0,1,0,0,0,1,0,0,0,0,0,0,0,0,0,0,1,0,0,1,0,0,1,0,0,0,0,1,0,1,0,0,0,0,0,0,0,3,0,0,0,2,0,0,1,1,3,1,1,3,2,0,0,1,1,1,0,0,1,0,0,0,0,1,0,0,1,0,0,1,0,2,0,0,0,0,0,0,0,0,1
3178,0,0,0,0,0,0,0,0,1,0,0,2,0,0,0,0,0,0,0,0,0,0,0,0,0,1,0,0,0,0,0,0,0,0,0,0,0,0,0,0,0,0,0,0,0,0,0,1,0,0,0,0,0,0,0,0,0,0,0,0,1,2,0,0,0,0,0,0,0,0,2,0,0,0,0,0,2,1,0,0,0,0,0,0,0,0,0,0,0,0,1,0,0,0,0,0,0,0,0,0,0,0,1,0,0,0,0,0,0,0,0,0,1,0,0,0,0,0,0,0,3,0,0,0,0,0,0,0,0,0,0,0,0,0,0,1,0,0,0,0,1,1,1,1,0,0,0,1,0,0,0,1,0,0,0,0,0,0,0,0,0,0,0,0,0,0,0,0,0,0,0,0,0,0,1,0,0,0,0
3223,0,0,0,0,0,0,1,0,0,0,0,0,0,0,1,0,0,1,0,1,1,0,0,0,0,0,0,0,0,0,0,0,0,0,0,0,0,0,0,0,0,0,0,0,1,0,1,4,0,0,0,0,0,0,0,0,1,0,0,0,0,0,0,0,0,0,1,0,0,0,0,0,0,0,0,0,0,0,1,0,0,0,0,0,1,0,2,0,0,0,8,0,2,0,0,0,0,1,0,1,0,0,0,2,0,0,0,0,0,0,1,1,0,1,4,1,0,1,0,3,1,0,0,0,0,2,0,0,0,0,3,0,4,2,0,1,1,0,0,1,1,0,0,0,0,1,0,0,0,0,0,0,1,1,1,1,0,0,0,2,0,0,0,1,0,0,0,0,0,0,2,0,0,0,0,2,0,2,0
3233,0,0,0,1,0,2,1,0,2,0,0,0,0,0,0,0,1,3,0,0,0,0,1,0,0,2,0,0,0,0,0,0,0,2,0,0,1,0,0,0,0,0,0,0,0,0,0,2,0,0,0,0,0,0,0,0,1,0,0,0,0,0,0,0,0,0,0,0,0,0,0,0,0,0,1,0,2,0,0,0,0,0,0,1,0,1,1,1,0,0,6,0,1,0,0,0,0,3,0,2,1,0,0,1,1,2,0,1,0,2,0,1,2,0,1,2,1,1,1,0,2,0,0,0,1,0,0,0,0,0,3,2,1,1,0,0,2,0,1,0,0,0,1,0,0,0,0,0,1,0,0,0,2,1,1,0,0,0,0,0,0,1,0,0,0,0,0,0,0,0,1,0,0,0,2,0,0,2,0
3235,0,0,0,0,0,1,0,0,1,1,0,0,0,1,1,0,1,0,1,2,0,0,0,0,0,0,0,0,0,0,0,0,0,1,0,0,0,0,0,0,0,0,0,0,0,2,0,1,0,0,0,0,0,1,0,0,3,0,0,0,0,0,0,0,2,2,0,0,0,0,1,0,1,1,1,0,0,2,4,0,2,0,1,3,0,2,1,0,0,0,4,0,0,0,0,2,0,2,2,6,0,0,0,1,1,1,0,0,3,0,1,1,2,0,1,1,0,1,1,1,0,0,0,2,1,0,0,0,0,0,1,1,0,0,0,0,0,0,0,1,0,0,0,0,0,0,0,0,0,0,0,0,2,0,0,1,0,0,1,1,0,0,0,0,0,0,0,0,0,0,0,1,0,0,1,5,0,0,0
3236,0,0,0,0,2,1,0,0,1,0,0,0,0,1,1,0,0,2,1,0,0,1,0,0,0,2,1,0,1,0,0,0,0,0,0,0,0,1,0,0,0,0,0,0,1,0,0,1,0,0,0,0,1,0,0,0,0,0,0,0,0,0,0,0,0,2,1,0,0,0,1,0,0,0,1,0,0,3,1,0,1,0,0,1,1,0,2,0,0,0,1,4,0,0,0,0,0,1,1,2,6,2,0,0,0,0,0,0,1,0,0,1,2,2,2,2,0,0,1,1,7,0,0,2,1,0,1,0,1,0,0,0,1,0,0,0,0,0,0,0,1,0,0,0,1,1,0,2,0,1,0,0,3,0,0,2,0,0,5,0,0,0,0,0,0,0,0,0,0,0,0,0,0,0,3,1,0,3,2
3238,0,0,0,1,0,0,0,0,1,1,0,0,0,0,0,0,0,0,0,0,0,0,0,0,0,0,0,0,0,0,0,0,0,0,0,0,0,0,0,0,0,0,0,0,0,0,0,1,0,0,0,0,0,0,0,0,0,0,0,1,0,0,0,0,0,0,0,0,0,0,0,0,0,0,0,0,0,0,0,0,0,0,0,1,0,1,1,0,0,0,0,0,1,0,0,0,0,0,0,0,0,0,0,0,2,0,0,0,0,0,0,0,0,0,1,1,1,0,0,0,0,0,0,0,0,0,0,0,0,0,0,1,4,1,0,0,0,0,0,0,0,0,0,0,0,0,0,0,0,0,0,0,1,0,0,0,0,0,0,0,0,1,0,0,0,0,1,0,0,0,0,0,0,0,0,1,0,1,0
3254,0,0,0,0,0,0,0,0,0,0,0,0,0,0,0,0,0,0,0,0,0,0,0,0,0,0,0,0,0,0,0,0,0,0,0,0,0,0,0,0,0,0,0,0,0,0,0,0,0,0,0,0,0,0,0,0,0,0,0,0,0,0,0,0,0,0,0,0,0,0,0,0,0,0,0,0,0,0,0,0,0,0,0,0,0,0,0,0,0,0,0,0,0,0,0,0,0,0,0,0,0,0,0,0,0,0,0,0,0,0,0,0,0,0,0,0,0,0,0,0,0,0,0,0,0,0,0,0,0,0,0,0,0,0,0,0,0,0,0,0,0,0,0,0,0,0,0,0,0,0,0,0,0,0,0,0,0,21,0,0,0,0,0,0,0,0,0,0,0,0,0,0,0,0,0,0,0,0,0
3255,0,3,0,0,2,1,0,0,3,1,0,1,0,0,0,0,0,1,0,0,0,6,0,1,2,7,0,0,0,0,0,0,1,0,1,1,0,0,0,0,0,0,0,0,0,0,5,5,0,1,0,0,1,1,0,3,3,1,0,0,0,2,0,1,0,1,1,0,1,0,2,0,0,2,1,0,2,1,6,0,1,1,0,5,5,2,6,4,0,1,2,1,5,0,0,2,1,1,2,0,3,1,2,2,1,0,0,1,2,3,3,1,1,3,2,6,2,8,4,1,3,0,0,1,0,0,0,2,1,0,2,0,1,0,0,0,2,0,8,0,0,0,0,0,0,0,1,0,1,2,0,0,3,2,1,1,0,0,5,0,0,0,0,0,1,0,1,1,0,0,0,0,0,3,4,2,4,2,1
3288,0,0,0,1,0,0,0,0,0,0,0,0,0,0,0,0,0,0,0,0,0,0,0,0,0,0,0,0,0,0,0,0,0,0,0,0,0,0,0,0,0,0,0,0,0,0,0,1,0,0,0,0,0,0,0,0,0,0,0,0,0,0,0,0,0,0,0,0,0,0,0,0,0,0,0,0,0,0,0,0,0,0,0,0,0,0,0,0,0,0,0,0,1,0,0,0,0,0,1,2,0,0,0,3,0,0,0,0,0,0,0,0,0,3,1,0,1,0,0,1,0,0,0,1,0,0,0,0,1,1,1,2,1,0,2,0,0,0,0,0,0,0,0,0,0,0,0,0,0,0,0,0,0,0,0,0,1,0,0,2,2,0,0,0,0,0,0,0,0,1,0,0,0,0,0,0,0,0,0
3290,0,0,0,0,0,0,0,0,0,0,0,0,0,0,0,0,0,0,1,0,0,0,0,0,1,0,0,0,0,0,0,0,0,0,0,0,0,0,0,0,0,0,0,0,0,0,0,1,0,0,0,0,0,0,0,0,0,0,0,0,0,0,0,0,0,0,0,0,0,0,0,0,0,0,0,0,0,1,0,0,0,0,0,0,0,0,0,0,0,0,0,0,0,0,0,0,0,0,0,0,0,1,0,0,1,0,0,0,0,0,0,0,0,0,0,0,1,0,0,0,0,0,0,0,0,0,0,0,1,0,0,0,4,0,1,0,1,0,0,0,0,0,0,0,0,0,0,0,0,0,0,0,0,0,0,0,0,0,0,0,1,0,0,2,0,0,0,0,0,0,1,0,0,0,0,0,0,0,0
3295,0,0,0,0,0,2,0,0,0,0,0,0,0,0,0,0,0,2,0,0,0,0,0,0,0,0,0,0,0,0,0,0,0,0,0,0,0,0,0,0,0,0,0,0,0,0,0,2,0,0,0,0,0,0,0,0,0,0,0,0,0,0,0,0,0,0,0,0,0,0,0,0,0,0,0,0,0,0,1,0,0,0,0,0,0,0,1,0,0,0,0,2,1,0,0,0,0,0,1,0,0,0,0,3,3,0,0,1,0,0,0,1,1,0,0,5,1,0,0,0,0,0,0,0,0,4,0,0,0,0,0,0,1,0,0,2,1,0,3,0,6,0,1,2,0,1,1,0,0,0,1,0,1,0,0,0,0,0,0,0,0,7,0,1,1,0,1,1,0,0,0,0,0,0,2,0,1,0,1
3300,0,0,0,0,0,1,0,0,0,0,0,0,0,0,0,0,0,0,1,0,0,0,0,0,0,0,1,0,0,0,0,1,0,0,0,0,0,0,0,0,0,0,0,0,0,0,0,0,0,0,0,0,0,0,0,0,0,0,0,1,0,0,0,0,0,0,0,0,0,0,0,0,0,0,0,0,0,0,0,0,0,0,0,0,0,0,0,0,0,0,0,0,0,0,0,0,0,0,0,0,0,0,0,0,0,0,0,0,0,0,0,0,0,0,0,0,0,0,0,0,0,0,0,0,0,0,0,0,0,0,0,0,0,0,0,0,0,0,0,0,0,0,0,0,0,0,0,0,0,0,0,0,0,0,0,0,0,0,0,0,0,0,7,0,0,0,0,0,3,0,0,0,0,0,0,0,0,0,0
3305,0,0,0,0,0,0,0,0,0,0,0,0,0,0,0,0,0,2,0,0,0,0,0,0,2,1,0,0,0,0,0,0,0,0,0,0,0,0,0,0,0,0,0,0,0,0,0,0,0,0,0,0,0,0,0,0,0,0,0,0,0,0,0,0,0,0,0,0,0,0,0,0,0,0,0,0,0,0,0,0,1,0,2,0,0,0,1,0,0,0,0,0,0,0,0,0,0,0,0,0,0,0,0,0,1,0,0,0,0,1,0,0,0,0,1,0,0,0,0,0,0,0,0,0,0,0,0,0,0,0,0,0,3,1,1,0,0,0,0,0,0,0,0,1,0,0,0,0,0,0,0,0,0,0,0,0,2,0,0,1,0,0,0,1,0,0,0,0,0,0,0,0,0,0,0,0,0,0,0
3307,0,0,0,0,0,0,0,0,0,0,0,1,0,0,0,0,0,0,0,0,0,0,0,0,0,0,0,0,0,0,0,0,0,0,0,0,0,0,0,0,0,0,0,0,0,0,0,0,0,0,0,0,1,0,0,0,0,0,0,0,0,1,0,0,0,0,0,0,0,0,0,0,0,0,0,0,0,0,0,0,1,0,0,0,0,0,1,0,0,0,0,0,1,0,0,0,0,1,0,0,0,0,0,2,0,0,0,0,0,0,0,3,0,0,0,0,0,0,0,0,2,0,0,0,0,0,0,0,0,0,1,0,1,0,0,1,0,0,0,2,0,3,1,0,0,2,1,3,0,1,0,0,0,0,0,0,0,0,0,0,0,1,0,1,1,0,0,0,0,2,0,0,0,1,1,0,0,0,0
3320,0,0,0,0,0,1,0,0,0,0,0,0,0,0,0,0,0,7,0,0,0,0,0,0,0,0,0,0,0,0,0,0,0,0,0,0,0,0,0,0,0,0,0,0,0,0,0,0,0,0,0,0,0,0,0,0,0,0,0,0,0,0,0,0,0,0,0,0,0,0,0,0,0,0,1,0,0,0,0,0,0,0,0,0,1,0,1,0,0,0,0,0,0,0,0,0,0,0,0,0,0,0,0,1,0,0,0,0,0,0,0,0,0,1,0,1,0,0,0,0,0,0,0,0,0,2,0,0,0,0,2,0,0,0,0,0,8,0,3,0,3,0,2,0,1,0,0,0,0,0,0,0,0,3,1,0,0,0,0,0,0,0,0,0,0,0,2,2,0,0,0,1,0,0,2,1,0,0,0
3323,0,0,0,0,1,0,0,0,0,0,0,0,0,0,0,0,0,0,0,0,0,0,0,0,0,0,0,1,0,0,0,0,0,0,0,0,0,0,0,0,0,0,0,0,0,0,0,1,0,0,0,0,0,0,0,0,0,0,0,0,0,2,0,0,0,0,0,0,0,0,0,0,0,0,0,0,0,0,0,0,0,0,0,0,0,0,2,0,0,0,0,0,1,0,0,0,0,0,0,0,0,0,0,4,0,0,0,0,0,0,0,0,0,1,1,0,0,1,1,0,1,0,0,0,0,7,0,0,0,0,0,0,1,0,0,2,0,0,1,1,4,0,0,0,1,1,1,0,1,0,0,0,1,0,0,0,1,0,0,1,0,0,0,0,0,0,0,2,0,1,0,0,0,0,0,0,0,0,0
3354,0,0,0,0,0,0,0,1,0,0,0,0,0,0,0,0,0,0,0,0,0,0,0,0,0,0,0,0,0,0,0,0,0,0,0,0,0,0,0,0,0,0,0,0,0,0,0,0,0,0,0,0,0,0,0,0,0,0,0,0,0,0,0,0,0,0,0,0,0,0,0,0,0,0,0,0,0,0,0,0,0,0,0,0,0,0,0,0,0,0,0,0,0,0,0,0,0,0,0,0,0,0,0,0,0,0,0,0,0,0,0,0,0,0,0,0,0,0,0,0,0,0,0,0,0,0,0,0,0,0,0,0,0,0,0,0,0,0,0,0,0,0,0,0,0,0,0,0,0,0,0,0,0,0,0,0,0,0,0,0,0,0,4,0,0,0,0,0,5,0,0,0,0,0,0,0,0,0,0
3366,0,0,0,0,0,0,0,0,0,0,0,0,0,0,0,0,0,0,0,1,0,0,0,0,0,0,0,0,0,0,0,0,0,0,0,0,0,0,0,0,0,0,0,0,0,0,0,0,0,0,0,0,0,0,0,0,0,1,0,0,0,0,0,0,0,0,0,0,0,0,0,0,0,0,0,0,0,0,0,0,0,0,0,0,0,0,0,0,0,0,0,0,0,0,0,0,0,0,0,0,0,0,0,0,0,0,0,0,1,0,0,1,0,1,0,1,0,0,0,0,1,0,0,0,0,0,0,0,0,0,0,0,0,0,0,0,0,2,0,1,0,1,0,0,1,0,0,0,1,0,1,0,0,0,0,0,0,0,0,0,0,0,0,0,2,0,0,2,0,1,0,0,0,0,1,0,0,0,0
3372,0,0,0,1,0,1,0,0,0,0,0,0,0,0,0,0,0,1,0,0,0,0,0,0,0,1,0,0,0,0,0,0,0,0,0,0,0,0,0,0,0,0,0,0,0,0,0,2,0,0,0,0,0,0,0,0,1,0,0,0,0,0,0,0,0,0,0,0,0,0,0,0,0,0,0,1,0,0,0,0,0,0,0,0,0,1,0,0,0,0,1,0,0,0,0,1,0,0,0,1,0,0,0,0,0,0,0,1,0,0,0,0,0,0,0,2,0,0,0,1,0,0,0,0,0,0,0,0,1,0,0,1,0,1,0,1,0,0,0,0,0,0,0,0,0,1,1,0,0,0,0,0,0,2,0,0,0,0,0,1,0,0,0,1,0,0,0,0,0,0,0,0,0,0,1,0,0,0,0
3427,0,2,2,0,1,0,1,0,0,0,3,0,0,0,2,0,1,0,0,10,6,1,3,1,0,0,0,0,2,3,0,0,1,2,0,0,0,0,0,1,1,0,3,1,0,0,1,0,2,1,0,0,0,0,2,0,0,3,1,2,2,0,1,2,4,0,3,0,7,0,1,2,4,5,1,1,2,0,0,0,0,0,0,0,0,1,0,0,1,0,1,0,1,0,1,0,1,0,0,0,0,0,9,0,0,0,1,3,3,1,0,0,0,1,3,0,1,1,1,0,0,1,0,2,0,0,0,2,0,0,0,0,0,0,0,0,0,0,0,0,0,0,0,0,0,0,0,0,0,0,0,0,1,1,0,0,0,0,1,0,0,0,0,0,0,0,0,0,0,0,0,9,0,0,0,0,1,0,0
3429,0,0,0,0,0,0,0,2,0,0,0,0,4,0,0,1,0,0,0,0,0,0,0,0,1,0,0,0,1,0,0,0,0,0,0,0,0,0,0,0,0,0,0,0,1,0,0,0,0,0,0,2,0,0,0,0,0,0,0,0,2,0,0,0,0,0,0,0,0,4,0,0,0,0,0,0,0,0,0,0,0,0,0,0,0,0,0,0,1,0,0,0,0,0,0,0,0,0,0,0,0,0,0,0,0,0,0,0,0,0,0,0,0,0,0,0,0,0,0,0,0,0,1,1,0,0,0,0,0,0,0,0,0,0,0,0,0,0,0,0,0,0,0,0,0,0,0,0,0,0,0,0,0,0,0,0,0,0,0,0,0,0,0,0,0,0,0,0,0,0,0,0,1,0,0,0,0,0,0
3436,0,2,0,0,1,0,0,0,0,1,1,1,0,0,1,0,0,0,0,1,2,0,0,0,3,0,3,0,0,0,1,0,0,0,0,0,0,1,0,0,0,1,0,0,0,0,1,0,0,3,0,0,0,0,2,2,1,1,0,0,1,0,0,0,1,0,1,0,0,0,2,0,1,0,0,0,0,1,0,0,0,0,0,0,1,0,0,0,0,1,0,1,0,1,0,0,0,1,1,0,0,1,0,0,0,0,0,0,0,0,2,4,0,1,2,0,0,0,0,0,0,0,0,0,0,0,0,1,0,0,0,0,0,0,0,0,0,1,0,0,0,0,0,0,0,0,0,0,0,1,0,0,0,0,0,0,1,0,0,0,0,0,0,0,0,0,0,0,0,0,0,1,0,1,0,0,0,1,1
3443,0,1,0,0,0,1,0,0,0,0,0,0,0,1,0,0,0,1,0,1,0,1,0,0,0,2,1,0,0,1,0,0,1,0,0,0,0,0,0,0,0,1,0,0,0,0,0,12,0,0,0,0,1,1,0,0,0,0,0,0,1,0,0,0,0,0,0,0,0,0,1,0,0,1,0,0,0,1,3,0,1,1,0,1,0,0,3,0,0,0,2,2,4,0,0,2,0,5,1,11,1,0,0,0,1,1,0,0,4,0,0,4,1,2,3,0,0,1,0,1,0,0,0,1,0,4,0,0,0,0,0,2,0,0,0,4,0,0,1,0,0,0,1,0,1,1,1,1,0,1,0,0,2,0,2,4,0,0,7,1,0,0,0,0,0,0,0,1,0,1,0,0,1,0,2,2,0,0,0
3458,0,0,0,0,0,1,0,0,0,0,0,0,0,0,0,0,1,1,1,1,0,1,1,2,0,1,0,0,0,0,0,0,2,0,0,0,0,0,0,0,0,0,0,0,0,0,0,1,0,0,0,0,0,0,0,0,0,0,1,0,0,0,0,0,0,0,0,0,1,0,0,0,0,1,0,0,0,2,2,0,1,0,0,0,3,1,4,0,0,0,5,0,2,0,0,3,2,3,1,4,1,0,0,3,1,1,0,0,2,0,0,3,1,0,5,1,2,1,1,1,3,0,0,2,1,0,0,0,0,0,0,0,1,2,0,2,2,0,0,0,1,1,0,0,0,0,0,0,0,1,2,0,1,1,5,1,0,0,4,1,0,0,0,0,1,0,0,0,0,0,0,0,0,0,0,3,0,1,0
3463,0,0,0,0,1,0,1,0,0,2,0,0,0,2,0,0,0,0,0,1,1,0,0,0,0,1,0,0,0,1,0,0,2,0,0,0,0,0,0,0,0,0,0,0,1,1,1,1,0,0,0,0,0,1,0,0,2,0,2,0,0,0,1,0,0,1,0,0,1,0,2,1,1,2,3,0,0,1,0,1,0,1,0,0,0,2,0,0,1,0,1,0,0,0,1,1,0,1,1,2,0,0,0,0,0,3,0,1,2,0,0,0,0,0,4,0,0,2,0,0,0,0,0,2,5,0,0,1,0,0,0,0,0,0,0,0,0,0,0,0,0,0,0,0,0,0,1,0,0,0,0,0,0,0,0,0,0,0,2,0,0,0,0,0,0,0,0,0,0,0,0,0,0,0,0,0,1,1,0
3466,0,0,0,2,0,0,1,0,0,0,0,0,0,0,0,0,0,0,0,2,1,0,0,0,0,1,0,0,0,0,0,0,0,0,0,0,0,0,0,0,0,0,0,0,0,0,1,2,0,0,0,0,0,0,1,0,2,0,1,0,0,0,0,0,0,0,0,0,0,0,0,0,0,0,0,0,0,0,0,0,1,1,1,0,0,0,1,0,0,0,4,1,2,0,0,0,1,0,0,8,2,0,3,1,0,0,0,0,1,0,0,1,1,3,1,3,1,1,0,2,0,0,0,0,0,2,0,0,1,0,0,1,1,0,0,1,1,0,0,0,1,0,3,0,0,0,0,0,0,0,0,0,0,7,1,0,0,0,1,0,0,0,0,0,0,0,0,0,0,0,0,0,0,0,0,0,0,3,0
3472,0,1,0,0,0,0,0,0,0,0,0,1,0,1,1,0,0,0,1,1,0,0,0,0,0,0,1,0,0,0,0,0,0,0,0,0,0,0,0,0,0,1,0,0,0,0,1,0,0,2,0,0,0,0,0,1,4,1,1,0,1,1,0,0,2,0,0,0,0,0,2,0,0,0,1,0,0,0,0,0,1,0,0,0,0,0,2,0,0,0,4,0,0,0,1,0,0,1,0,0,3,1,0,0,0,0,0,0,0,2,1,2,4,0,1,0,0,3,0,1,2,0,0,0,0,0,0,0,0,0,0,0,0,0,0,0,0,0,0,1,0,1,0,1,0,0,0,0,0,0,0,0,0,0,0,1,0,0,1,0,0,0,0,0,0,0,0,0,0,1,0,0,0,1,0,0,0,0,0
